<odoo>
  <data>
<!--
-
  Set tax report system parameters
-
-->
    <record id = "demo_param_moms_journal" model="ir.config_parameter">
        <field name = "key">l10n_se_tax_report.moms_journal</field>
        <field name = "value">placeholder</field>
    </record>

<!--
    <function
        model = "ir.config_parameter"
        name = "set_value_to_ir_config_parameter">
        <value>l10n_se_tax_report.demo_param_moms_journal</value>
    </function>
-->
        
    <record id = "demo_param_accounting_method" model="ir.config_parameter">
        <field name = "key">l10n_se_tax_report.accounting_method</field>
        <field name = "value">invoice</field>
    </record>

<!--
    <record id = "demo_param_vat_declaration_param" model="ir.config_parameter">
        <field name = "key">l10n_se_tax_report.vat_declaration_param</field>
        <field name = "value">3</field>
    </record>
-->
    
<!--
  Prepare test partners
-->
    <function
        model = "res.partner"       
        name = "set_property_account_position_id">
        <value>base.res_partner_12</value>
        <value>l10n_se.1_K2_fpos_trade_eu</value>
    </function>

    <function
        model = "res.partner"       
        name = "set_property_account_position_id">
        <value>base.res_partner_1</value>
        <value>l10n_se.1_K2_fpos_trade_world</value>
    </function>

    <function
        model = "res.partner"       
        name = "set_property_account_position_id">
        <value>base.res_partner_10</value>
        <value>l10n_se.1_K2_fpos_trade_world</value>
    </function>
    
<!--
        Tegel & Murbruk Data AB: Inom svergie: out_invoice: 03-04'
-->
        <record id="new_demo_invoice_1" model="account.move">
            <field name="name">VAT 01</field>
            <field name = "reference_type">none</field>
            <field name="invoice_date" eval="time.strftime('%Y')+'-03-14'" />
            <field name="invoice_user_id" ref="base.user_demo"/>

<!--
            <field name="date" eval="time.strftime('%Y')+'-11-14'" />
-->
            <field name="period_id" search="[('name', '=', '03/2022')]"/>
            <field name ="invoice_payment_term_id" ref="account.account_payment_term_end_following_month"/>
            <field name="currency_id" ref="base.SEK" />
            <field name="company_id" ref="base.main_company" />
            <field name="journal_id" search="[('type', '=', u'sale')]" />
            <field name="state">draft</field>
            <field name="move_type">out_invoice</field>
<!--
            <field name="account_id" search="[('code', '=', u'1510')]" />
-->
            <field name="partner_id" ref="l10n_se.res_partner_2" />
<!--
            <field name="tax_line_ids" eval="[(6, 0, [])]"/>
-->
            <field name="invoice_line_ids" eval="[
            (5, 0, 0),
            (0, 0, {'product_id': ref('l10n_se.product_product_1'), 'price_unit': 2500.0, 'quantity': 2}),
            (0, 0, {'product_id': ref('l10n_se.product_product_banan'), 'price_unit': 2500.0, 'quantity': 2}),
            (0, 0, {'product_id': ref('l10n_se.product_product_bok'), 'price_unit': 2500.0, 'quantity': 2}),
            (0, 0, {'product_id': ref('l10n_se.product_product_prepaid_consulting_service'), 'price_unit': 2500.0, 'quantity': 2}),
            (0, 0, {'product_id': ref('l10n_se.product_product_catering_service'), 'price_unit': 2500.0, 'quantity': 2}),
            (0, 0, {'product_id': ref('l10n_se.product_product_demonstration_nature_area'), 'price_unit': 2500.0, 'quantity': 2}),
            
            ]"/>
        </record>
        
        <!-- Ensure the lines are consistent with the products (taxes, price, name) -->
        <!-- check_move_validity=False because the dynamic lines are computed after, it is checked later at the post function -->
        <function model="account.move.line" name="_onchange_product_id" context="{'check_move_validity': False}">
            <value model="account.move.line" eval="obj().search([('move_id', 'in', [
                ref('new_demo_invoice_1'),
            ])]).ids"/>
        </function>
        
        <!--
        Databutiken Inom svergie:inom sverige: in_invoice: 03-23'
        -->
        <record id="new_demo_invoice_2" model="account.move">
            <field name="name">VAT 02</field>
            <field name = "reference_type">none</field>
            <field name="invoice_date" eval="time.strftime('%Y')+'-03-23'" />
            <field name="invoice_user_id" ref="base.user_demo"/>
            <field name="date" eval="time.strftime('%Y')+'-11-14'" />
<!--
invoice_date
            <field name="date_due" eval="time.strftime('%Y')+'-03-23'" />
-->
            <field name="period_id" search="[('name', '=', '03/2022')]"/>
            
            <field name ="invoice_payment_term_id" ref="account.account_payment_term_end_following_month"/>
            <field name="currency_id" ref="base.SEK" />
            <field name="company_id" ref="base.main_company" />
            <field name="journal_id" search="[('type', '=', u'purchase')]" />
            <field name="state">draft</field>
            <field name="move_type">in_invoice</field>
<!--
            <field name="account_id" search="[('code', '=', u'2440')]" />
-->
            <field name="partner_id" ref="l10n_se.res_partner_1" />
<!--
            <field name="tax_line_ids" eval="[(6, 0, [])]"/>
-->
        <field name="invoice_line_ids" eval="[
            (5, 0, 0),
            (0, 0, {'product_id': ref('l10n_se.product_product_1'), 'price_unit': 2500.0, 'quantity': 20}),
            (0, 0, {'product_id': ref('l10n_se.product_product_banan'), 'price_unit': 2500.0, 'quantity': 20}),
            (0, 0, {'product_id': ref('l10n_se.product_product_bok'), 'price_unit': 2500.0, 'quantity': 20}),
            (0, 0, {'product_id': ref('l10n_se.product_product_prepaid_consulting_service'), 'price_unit': 2500.0, 'quantity': 20}),
            (0, 0, {'product_id': ref('l10n_se.product_product_catering_service'), 'price_unit': 2500.0, 'quantity': 20}),
            (0, 0, {'product_id': ref('l10n_se.product_product_demonstration_nature_area'), 'price_unit': 2500.0, 'quantity': 20}),
            ]"/>
        </record>
        
<!--
        <record id="new_invoice_2_line_1" model="account.move.line">
            <field name="invoice_id" ref="new_demo_invoice_2" />
            <field name ="product_id" ref="l10n_se.product_product_1"/>
            <field name="name">[SWEKB] Svenskt tangentbord</field>
            <field name="price_unit">2500</field>
            <field name="quantity">20</field>
            <field name="invoice_line_tax_ids" eval="[(6, 0, [ref('l10n_se.1_i')])]" />
            <field name="account_id" search="[('code', '=', u'4000')]" />
        </record>
        
        <record id="new_invoice_2_line_2" model="account.move.line">
            <field name ="product_id" ref="l10n_se.product_product_banan"/>
            <field name="name">banan</field>
            <field name="invoice_id" ref="l10n_se_tax_report.new_demo_invoice_2" />
            <field name="price_unit">2500</field>
            <field name="quantity">20</field>
            <field name="invoice_line_tax_ids" eval="[(6, 0, [ref('l10n_se.1_i12')])]" />
            <field name="account_id" search="[('code', '=', u'4002')]" />
        </record>  
              
        <record id="new_invoice_2_line_3" model="account.move.line">
            <field name ="product_id" ref="l10n_se.product_product_bok"/>
            <field name="name">bok</field>
            <field name="invoice_id" ref="l10n_se_tax_report.new_demo_invoice_2" />
            <field name="price_unit">2500</field>
            <field name="quantity">20</field>
            <field name="invoice_line_tax_ids" eval="[(6, 0, [ref('l10n_se.1_i6')])]" />
            <field name="account_id" search="[('code', '=', u'4003')]" />
        </record>
        
        <record id="new_invoice_2_line_4" model="account.move.line">
            <field name ="product_id" ref="l10n_se.product_product_prepaid_consulting_service"/>
            <field name="name">Prepaid Consulting</field>
            <field name="invoice_id" ref="l10n_se_tax_report.new_demo_invoice_2" />
            <field name="price_unit">2500</field>
            <field name="quantity">20</field>
            <field name="invoice_line_tax_ids" eval="[(6, 0, [ref('l10n_se.1_i')])]" />
            <field name="account_id" search="[('code', '=', u'4000')]" />
        </record>

        <record id="new_invoice_2_line_5" model="account.move.line">
            <field name ="product_id" ref="l10n_se.product_product_catering_service"/>
            <field name="name">Cateringtjänst</field>
            <field name="invoice_id" ref="l10n_se_tax_report.new_demo_invoice_2" />
            <field name="price_unit">2500</field>
            <field name="quantity">20</field>
            <field name="invoice_line_tax_ids" eval="[(6, 0, [ref('l10n_se.1_it12')])]" />
            <field name="account_id" search="[('code', '=', u'4002')]" />
        </record>

        <record id="new_invoice_2_line_6" model="account.move.line">
            <field name ="product_id" ref="l10n_se.product_product_demonstration_nature_area"/>
            <field name="name">Förevisning naturområde</field>
            <field name="invoice_id" ref="l10n_se_tax_report.new_demo_invoice_2" />
            <field name="price_unit">2500</field>
            <field name="quantity">20</field>
            <field name="invoice_line_tax_ids" eval="[(6, 0, [ref('l10n_se.1_it6')])]" />
            <field name="account_id" search="[('code', '=', u'4003')]" />
        </record>
-->
        
        <!--
        Databutiken Inom svergie:inom sverige: in_invoice : 05-01
        -->
        <record id="new_demo_invoice_3" model="account.move">
            <field name="name">VAT 03</field>
            <field name = "reference_type">none</field>
            <field name="invoice_date" eval="time.strftime('%Y')+'-05-01'" />
            <field name="invoice_user_id" ref="base.user_demo"/>
            <field name="date" eval="time.strftime('%Y')+'-11-14'" />
<!--
            <field name="date_due" eval="time.strftime('%Y')+'-05-01'" />
-->
            <field name="period_id" search="[('name', '=', '05/2022')]"/>
            <field name ="invoice_payment_term_id" ref="account.account_payment_term_end_following_month"/>
            <field name="currency_id" ref="base.SEK" />
            <field name="company_id" ref="base.main_company" />
            <field name="journal_id" search="[('type', '=', u'purchase')]" />
            <field name="state">draft</field>
            <field name="move_type">in_invoice</field>
<!--
            <field name="account_id" search="[('code', '=', u'2440')]" />
-->
            <field name="partner_id" ref="l10n_se.res_partner_1" />
<!--
            <field name="tax_line_ids" eval="[(6, 0, [])]"/>
-->

            <field name="invoice_line_ids" eval="[
            (5, 0, 0),
            (0, 0, {'product_id': ref('l10n_se.product_product_1'), 'price_unit': 2500.0, 'quantity': 20}),
            (0, 0, {'product_id': ref('l10n_se.product_product_banan'), 'price_unit': 2500.0, 'quantity': 20}),
            (0, 0, {'product_id': ref('l10n_se.product_product_bok'), 'price_unit': 2500.0, 'quantity': 20}),
            (0, 0, {'product_id': ref('l10n_se.product_product_prepaid_consulting_service'), 'price_unit': 2500.0, 'quantity': 20}),
            (0, 0, {'product_id': ref('l10n_se.product_product_catering_service'), 'price_unit': 2500.0, 'quantity': 20}),
            (0, 0, {'product_id': ref('l10n_se.product_product_demonstration_nature_area'), 'price_unit': 2500.0, 'quantity': 20}),
            ]"/>
        </record>
        


<!--
        <record id="new_invoice_3_line_1" model="account.move.line">
            <field name="invoice_id" ref="new_demo_invoice_3" />
            <field name ="product_id" ref="l10n_se.product_product_1"/>
            <field name="name">[SWEKB] Svenskt tangentbord</field>
            <field name="price_unit">2500</field>
            <field name="quantity">20</field>
            <field name="invoice_line_tax_ids" eval="[(6, 0, [ref('l10n_se.1_i')])]" />
            <field name="account_id" search="[('code', '=', u'4000')]" />
        </record>
        
        <record id="new_invoice_3_line_2" model="account.move.line">
            <field name ="product_id" ref="l10n_se.product_product_banan"/>
            <field name="name">banan</field>
            <field name="invoice_id" ref="l10n_se_tax_report.new_demo_invoice_3" />
            <field name="price_unit">2500</field>
            <field name="quantity">20</field>
            <field name="invoice_line_tax_ids" eval="[(6, 0, [ref('l10n_se.1_i12')])]" />
            <field name="account_id" search="[('code', '=', u'4002')]" />
        </record>  
              
        <record id="new_invoice_3_line_3" model="account.move.line">
            <field name ="product_id" ref="l10n_se.product_product_bok"/>
            <field name="name">bok</field>
            <field name="invoice_id" ref="l10n_se_tax_report.new_demo_invoice_3" />
            <field name="price_unit">2500</field>
            <field name="quantity">20</field>
            <field name="invoice_line_tax_ids" eval="[(6, 0, [ref('l10n_se.1_i6')])]" />
            <field name="account_id" search="[('code', '=', u'4003')]" />
        </record>
        
        <record id="new_invoice_3_line_4" model="account.move.line">
            <field name ="product_id" ref="l10n_se.product_product_prepaid_consulting_service"/>
            <field name="name">Prepaid Consulting</field>
            <field name="invoice_id" ref="l10n_se_tax_report.new_demo_invoice_3" />
            <field name="price_unit">2500</field>
            <field name="quantity">20</field>
            <field name="invoice_line_tax_ids" eval="[(6, 0, [ref('l10n_se.1_i')])]" />
            <field name="account_id" search="[('code', '=', u'4000')]" />
        </record>

        <record id="new_invoice_3_line_5" model="account.move.line">
            <field name ="product_id" ref="l10n_se.product_product_catering_service"/>
            <field name="name">Cateringtjänst</field>
            <field name="invoice_id" ref="l10n_se_tax_report.new_demo_invoice_3" />
            <field name="price_unit">2500</field>
            <field name="quantity">20</field>
            <field name="invoice_line_tax_ids" eval="[(6, 0, [ref('l10n_se.1_it12')])]" />
            <field name="account_id" search="[('code', '=', u'4002')]" />
        </record>

        <record id="new_invoice_3_line_6" model="account.move.line">
            <field name ="product_id" ref="l10n_se.product_product_demonstration_nature_area"/>
            <field name="name">Förevisning naturområde</field>
            <field name="invoice_id" ref="l10n_se_tax_report.new_demo_invoice_3" />
            <field name="price_unit">2500</field>
            <field name="quantity">20</field>
            <field name="invoice_line_tax_ids" eval="[(6, 0, [ref('l10n_se.1_it6')])]" />
            <field name="account_id" search="[('code', '=', u'4003')]" />
        </record>
-->
        
        
        <!--
            Tegel & Murbruk Data AB:  out_invoice
        -->
        <record id="new_demo_invoice_4" model="account.move">
            <field name="name">VAT 04</field>
            <field name = "reference_type">none</field>
            <field name="invoice_date" eval="time.strftime('%Y')+'-06-10'" />
            <field name="invoice_user_id" ref="base.user_demo"/>
<!--
            <field name="date" eval="time.strftime('%Y')+'-11-14'" />
-->
<!--
            <field name="date_due" eval="time.strftime('%Y')+'-06-10'" />
-->
            <field name="period_id" search="[('name', '=', '06/2022')]"/>
            <field name="currency_id" ref="base.SEK" />
            <field name="company_id" ref="base.main_company" />
            <field name="journal_id" search="[('type', '=', u'sale')]" />
            <field name="state">draft</field>
            <field name="move_type">out_invoice</field>
<!--
            <field name="account_id" search="[('code', '=', u'1510')]" />
-->
            <field name="partner_id" ref="l10n_se.res_partner_2" />
<!--
            <field name="tax_line_ids" eval="[(6, 0, [])]"/>
-->
            <field name="invoice_line_ids" eval="[
            (5, 0, 0),
            (0, 0, {'product_id': ref('l10n_se.product_product_1'), 'price_unit': 2500.0, 'quantity': 20}),
            (0, 0, {'product_id': ref('l10n_se.product_product_banan'), 'price_unit': 2500.0, 'quantity': 20}),
            (0, 0, {'product_id': ref('l10n_se.product_product_bok'), 'price_unit': 2500.0, 'quantity': 20}),
            (0, 0, {'product_id': ref('l10n_se.product_product_prepaid_consulting_service'), 'price_unit': 2500.0, 'quantity': 20}),
            (0, 0, {'product_id': ref('l10n_se.product_product_catering_service'), 'price_unit': 2500.0, 'quantity': 20}),
            (0, 0, {'product_id': ref('l10n_se.product_product_demonstration_nature_area'), 'price_unit': 2500.0, 'quantity': 20}),
            ]"/>
<!--
            <field name ="invoice_payment_term_id" ref="account.account_payment_term_end_following_month"/>
-->
        </record>
        
<!--
        <record id="new_invoice_4_line_1" model="account.move.line">
            <field name="invoice_id" ref="l10n_se_tax_report.new_demo_invoice_4" />
            <field name ="product_id" ref="l10n_se.product_product_1"/>
            <field name="name">[SWEKB] Svenskt tangentbord</field>
            <field name="price_unit">2500</field>
            <field name="quantity">20</field>
            <field name="invoice_line_tax_ids" eval="[(6, 0, [ref('l10n_se.1_mp1')])]" />
            <field name="account_id" search="[('code', '=', u'3001')]" />
        </record>
        
        <record id="new_invoice_4_line_2" model="account.move.line">
            <field name ="product_id" ref="l10n_se.product_product_banan"/>
            <field name="name">banan</field>
            <field name="invoice_id" ref="l10n_se_tax_report.new_demo_invoice_4" />
            <field name="price_unit">2500</field>
            <field name="quantity">20</field>
            <field name="invoice_line_tax_ids" eval="[(6, 0, [ref('l10n_se.1_mp2')])]" />
            <field name="account_id" search="[('code', '=', u'3002')]" />
        </record>  
              
        <record id="new_invoice_4_line_3" model="account.move.line">
            <field name ="product_id" ref="l10n_se.product_product_bok"/>
            <field name="name">bok</field>
            <field name="invoice_id" ref="l10n_se_tax_report.new_demo_invoice_4" />
            <field name="price_unit">2500</field>
            <field name="quantity">20</field>
            <field name="invoice_line_tax_ids" eval="[(6, 0, [ref('l10n_se.1_mp3')])]" />
            <field name="account_id" search="[('code', '=', u'3003')]" />
        </record>
        
        <record id="new_invoice_4_line_4" model="account.move.line">
            <field name ="product_id" ref="l10n_se.product_product_prepaid_consulting_service"/>
            <field name="name">Prepaid Consulting</field>
            <field name="invoice_id" ref="l10n_se_tax_report.new_demo_invoice_4" />
            <field name="price_unit">2500</field>
            <field name="quantity">20</field>
            <field name="invoice_line_tax_ids" eval="[(6, 0, [ref('l10n_se.1_mp1')])]" />
            <field name="account_id" search="[('code', '=', u'3001')]" />
        </record>

        <record id="new_invoice_4_line_5" model="account.move.line">
            <field name ="product_id" ref="l10n_se.product_product_catering_service"/>
            <field name="name">Cateringtjänst</field>
            <field name="invoice_id" ref="l10n_se_tax_report.new_demo_invoice_4" />
            <field name="price_unit">2500</field>
            <field name="quantity">20</field>
            <field name="invoice_line_tax_ids" eval="[(6, 0, [ref('l10n_se.1_mp2')])]" />
            <field name="account_id" search="[('code', '=', u'3002')]" />
        </record>

        <record id="new_invoice_4_line_6" model="account.move.line">
            <field name ="product_id" ref="l10n_se.product_product_demonstration_nature_area"/>
            <field name="name">Förevisning naturområde</field>
            <field name="invoice_id" ref="l10n_se_tax_report.new_demo_invoice_4" />
            <field name="price_unit">2500</field>
            <field name="quantity">20</field>
            <field name="invoice_line_tax_ids" eval="[(6, 0, [ref('l10n_se.1_mp3')])]" />
            <field name="account_id" search="[('code', '=', u'3003')]" />
        </record>
-->
        
        
          <!--
            Camptocamp:Out invoice
        -->
        <record id="new_demo_invoice_5" model="account.move">
            <field name="name">VAT 05</field>
            <field name = "reference_type">none</field>
            <field name="invoice_date" eval="time.strftime('%Y')+'-06-02'" />
            <field name="invoice_user_id" ref="base.user_demo"/>
<!--
            <field name="date" eval="time.strftime('%Y')+'-11-14'" />
-->
<!--
            <field name="date_due" eval="time.strftime('%Y')+'-07-31" />
-->
            <field name="period_id" search="[('name', '=', '06/2022')]"/>
            <field name="currency_id" ref="base.SEK" />
            <field name="company_id" ref="base.main_company" />
            <field name="journal_id" search="[('type', '=', u'sale')]" />
            <field name="state">draft</field>
            <field name="move_type">out_invoice</field>
<!--
            <field name="account_id" search="[('code', '=', u'1510')]" />
-->
            <field name="partner_id" ref="base.res_partner_12" />
<!--
            <field name="tax_line_ids" eval="[(6, 0, [])]"/>
-->
            <field name ="invoice_payment_term_id" ref="account.account_payment_term_end_following_month"/>
            <field name="invoice_line_ids" eval="[
            (5, 0, 0),
            (0, 0, {'product_id': ref('l10n_se.product_product_1'), 'price_unit': 2500.0, 'quantity': 30}),
            (0, 0, {'product_id': ref('l10n_se.product_product_banan'), 'price_unit': 2500.0, 'quantity': 30}),
            (0, 0, {'product_id': ref('l10n_se.product_product_bok'), 'price_unit': 2500.0, 'quantity': 30}),
            (0, 0, {'product_id': ref('l10n_se.product_product_prepaid_consulting_service'), 'price_unit': 2500.0, 'quantity': 30}),
            (0, 0, {'product_id': ref('l10n_se.product_product_catering_service'), 'price_unit': 2500.0, 'quantity': 30}),
            (0, 0, {'product_id': ref('l10n_se.product_product_demonstration_nature_area'), 'price_unit': 2500.0, 'quantity': 30}),
            ]"/>
        </record>
        

<!--
        <record id="new_demo_invoice_5" model="account.move">
            <field name="tax_line_ids" eval="[(0, 0, {'name': 'VTEU', 'account_id': ref('l10n_se.1_K2_3106_2017'), 'amount': 0.0})]"/>
        </record>
-->
        
        
        
<!--
        <record id="new_invoice_5_line_1" model="account.move.line">
            <field name="invoice_id" ref="l10n_se_tax_report.new_demo_invoice_5" />
            <field name ="product_id" ref="l10n_se.product_product_1"/>
            <field name="name">[SWEKB] Svenskt tangentbord</field>
            <field name="price_unit">2500</field>
            <field name="quantity">30</field>
            <field name="invoice_line_tax_ids" eval="[(6, 0, [ref('l10n_se.1_vteu')])]" />
            <field name="account_id" search="[('code', '=', u'3106')]" />
        </record>
        
        <record id="new_invoice_5_line_2" model="account.move.line">
            <field name ="product_id" ref="l10n_se.product_product_banan"/>
            <field name="name">banan</field>
            <field name="invoice_id" ref="l10n_se_tax_report.new_demo_invoice_5" />
            <field name="price_unit">2500</field>
            <field name="quantity">30</field>
            <field name="invoice_line_tax_ids" eval="[(6, 0, [ref('l10n_se.1_vteu')])]" />
            <field name="account_id" search="[('code', '=', u'3106')]" />
        </record>  
              
        <record id="new_invoice_5_line_3" model="account.move.line">
            <field name ="product_id" ref="l10n_se.product_product_bok"/>
            <field name="name">bok</field>
            <field name="invoice_id" ref="l10n_se_tax_report.new_demo_invoice_5" />
            <field name="price_unit">2500</field>
            <field name="quantity">30</field>
            <field name="invoice_line_tax_ids" eval="[(6, 0, [ref('l10n_se.1_vteu')])]" />
            <field name="account_id" search="[('code', '=', u'3106')]" />
        </record>
        
        <record id="new_invoice_5_line_4" model="account.move.line">
            <field name ="product_id" ref="l10n_se.product_product_prepaid_consulting_service"/>
            <field name="name">Prepaid Consulting</field>
            <field name="invoice_id" ref="l10n_se_tax_report.new_demo_invoice_5" />
            <field name="price_unit">2500</field>
            <field name="quantity">30</field>
            <field name="invoice_line_tax_ids" eval="[(6, 0, [])]" />
            <field name="account_id" search="[('code', '=', u'3106')]" />
        </record>

        <record id="new_invoice_5_line_5" model="account.move.line">
            <field name ="product_id" ref="l10n_se.product_product_catering_service"/>
            <field name="name">Cateringtjänst</field>
            <field name="invoice_id" ref="l10n_se_tax_report.new_demo_invoice_5" />
            <field name="price_unit">2500</field>
            <field name="quantity">30</field>
            <field name="invoice_line_tax_ids" eval="[(6, 0, [ref('l10n_se.1_vteu')])]" />
            <field name="account_id" search="[('code', '=', u'3106')]" />
        </record>

        <record id="new_invoice_5_line_6" model="account.move.line">
            <field name ="product_id" ref="l10n_se.product_product_demonstration_nature_area"/>
            <field name="name">Förevisning naturområde</field>
            <field name="invoice_id" ref="l10n_se_tax_report.new_demo_invoice_5" />
            <field name="price_unit">2500</field>
            <field name="quantity">30</field>
            <field name="invoice_line_tax_ids" eval="[(6, 0, [ref('l10n_se.1_vteu')])]" />
            <field name="account_id" search="[('code', '=', u'3106')]" />
        </record>
-->
        
          <!--
            Camptocamp:In invoice
        -->
        <record id="new_demo_invoice_6" model="account.move">
            <field name="name">VAT 06</field>
            <field name = "reference_type">none</field>
            <field name="invoice_date" eval="time.strftime('%Y')+'-06-01'" />
            <field name="invoice_user_id" ref="base.user_demo"/>
            <field name="date" eval="time.strftime('%Y')+'-11-14'" />
<!--
            <field name="date_due" eval="time.strftime('%Y')+'-07-31" />
-->
            <field name="period_id" search="[('name', '=', '06/2022')]"/>
            <field name="currency_id" ref="base.SEK" />
            <field name="company_id" ref="base.main_company" />
            <field name="journal_id" search="[('type', '=', u'purchase')]" />
            <field name="state">draft</field>
            <field name="move_type">in_invoice</field>
<!--
            <field name="account_id" search="[('code', '=', u'2440')]" />
-->
            <field name="partner_id" ref="base.res_partner_12" />
<!--
            <field name="tax_line_ids" eval="[(6, 0, [])]"/>
-->
            <field name ="invoice_payment_term_id" ref="account.account_payment_term_end_following_month"/>
            <field name="invoice_line_ids" eval="[
            (5, 0, 0),
            (0, 0, {'product_id': ref('l10n_se.product_product_1'), 'price_unit': 2500.0, 'quantity': 30}),
            (0, 0, {'product_id': ref('l10n_se.product_product_banan'), 'price_unit': 2500.0, 'quantity': 30}),
            (0, 0, {'product_id': ref('l10n_se.product_product_bok'), 'price_unit': 2500.0, 'quantity': 30}),
            (0, 0, {'product_id': ref('l10n_se.product_product_prepaid_consulting_service'), 'price_unit': 2500.0, 'quantity': 30}),
            (0, 0, {'product_id': ref('l10n_se.product_product_catering_service'), 'price_unit': 2500.0, 'quantity': 30}),
            (0, 0, {'product_id': ref('l10n_se.product_product_demonstration_nature_area'), 'price_unit': 2500.0, 'quantity': 30}),
            ]"/>
        </record>
        
<!--
        <record id="new_demo_invoice_6" model="account.move">
            <field name="tax_line_ids" eval="[(0, 0, {'name': 'VFEU12', 'account_id': ref('l10n_se.1_chart2645'), 'amount': 9000})]"/> 
        </record>
        <record id="new_demo_invoice_6" model="account.move">
            <field name="tax_line_ids" eval="[(0, 0, {'name': 'VFEU', 'account_id': ref('l10n_se.1_chart2645'), 'amount': 18750})]"/>
        </record>
        <record id="new_demo_invoice_6" model="account.move">
            <field name="tax_line_ids" eval="[(0, 0, {'name': 'VFEU6', 'account_id': ref('l10n_se.1_chart2645'), 'amount': 4500.0})]"/>
        </record>
-->
<!--
        
        <record id="new_invoice_6_line_1" model="account.move.line">
            <field name="invoice_id" ref="l10n_se_tax_report.new_demo_invoice_6" />
            <field name ="product_id" ref="l10n_se.product_product_1"/>
            <field name="name">[SWEKB] Svenskt tangentbord</field>
            <field name="price_unit">2500</field>
            <field name="quantity">30</field>
            <field name="invoice_line_tax_ids" eval="[(6, 0, [ref('l10n_se.1_vfeu')])]" />
            <field name="account_id" search="[('code', '=', u'4515')]" />
        </record>
        
        <record id="new_invoice_6_line_2" model="account.move.line">
            <field name ="product_id" ref="l10n_se.product_product_banan"/>
            <field name="name">banan</field>
            <field name="invoice_id" ref="l10n_se_tax_report.new_demo_invoice_6" />
            <field name="price_unit">2500</field>
            <field name="quantity">30</field>
            <field name="invoice_line_tax_ids" eval="[(6, 0, [ref('l10n_se.1_vfeu12')])]" />
            <field name="account_id" search="[('code', '=', u'4516')]" />
        </record>  
              
        <record id="new_invoice_6_line_3" model="account.move.line">
            <field name ="product_id" ref="l10n_se.product_product_bok"/>
            <field name="name">bok</field>
            <field name="invoice_id" ref="l10n_se_tax_report.new_demo_invoice_6" />
            <field name="price_unit">2500</field>
            <field name="quantity">30</field>
            <field name="invoice_line_tax_ids" eval="[(6, 0, [ref('l10n_se.1_vfeu6')])]" />
            <field name="account_id" search="[('code', '=', u'4517')]" />
        </record>
        
        <record id="new_invoice_6_line_4" model="account.move.line">
            <field name ="product_id" ref="l10n_se.product_product_prepaid_consulting_service"/>
            <field name="name">Prepaid Consulting</field>
            <field name="invoice_id" ref="l10n_se_tax_report.new_demo_invoice_6" />
            <field name="price_unit">2500</field>
            <field name="quantity">30</field>
            <field name="invoice_line_tax_ids" eval="[(6, 0, [])]" />
            <field name="account_id" search="[('code', '=', u'4515')]" />
        </record>

        <record id="new_invoice_6_line_5" model="account.move.line">
            <field name ="product_id" ref="l10n_se.product_product_catering_service"/>
            <field name="name">Cateringtjänst</field>
            <field name="invoice_id" ref="l10n_se_tax_report.new_demo_invoice_6" />
            <field name="price_unit">2500</field>
            <field name="quantity">30</field>
            <field name="invoice_line_tax_ids" eval="[(6, 0, [ref('l10n_se.1_tfeu12')])]" />
            <field name="account_id" search="[('code', '=', u'4516')]" />
        </record>

        <record id="new_invoice_6_line_6" model="account.move.line">
            <field name ="product_id" ref="l10n_se.product_product_demonstration_nature_area"/>
            <field name="name">Förevisning naturområde</field>
            <field name="invoice_id" ref="l10n_se_tax_report.new_demo_invoice_6" />
            <field name="price_unit">2500</field>
            <field name="quantity">30</field>
            <field name="invoice_line_tax_ids" eval="[(6, 0, [ref('l10n_se.1_tfeu6')])]" />
            <field name="account_id" search="[('code', '=', u'4517')]" />
        </record>
-->
        
        
        
          <!--
           ASUSTeK: in invoice
        -->
        <record id="new_demo_invoice_7" model="account.move">
            <field name="name">VAT 07</field>
            <field name = "reference_type">none</field>
            <field name="invoice_date" eval="time.strftime('%Y')+'-06-01'" />
            <field name="invoice_user_id" ref="base.user_demo"/>
            <field name="date" eval="time.strftime('%Y')+'-11-14'" />
<!--
            <field name="date_due" eval="time.strftime('%Y')+'-07-31" />
-->
            <field name="period_id" search="[('name', '=', '06/2022')]"/>
            <field name="currency_id" ref="base.SEK" />
            <field name="company_id" ref="base.main_company" />
            <field name="journal_id" search="[('type', '=', u'purchase')]" />
            <field name="state">draft</field>
            <field name="move_type">in_invoice</field>
<!--
            <field name="account_id" search="[('code', '=', u'2440')]" />
-->
            <field name="partner_id" ref="base.res_partner_1" />
<!--
            <field name="tax_line_ids" eval="[(6, 0, [])]"/>
-->
            <field name ="invoice_payment_term_id" ref="account.account_payment_term_end_following_month"/>
            <field name="invoice_line_ids" eval="[
            (5, 0, 0),
            (0, 0, {'product_id': ref('l10n_se.product_product_1'), 'price_unit': 2500.0, 'quantity': 30}),
            (0, 0, {'product_id': ref('l10n_se.product_product_banan'), 'price_unit': 2500.0, 'quantity': 30}),
            (0, 0, {'product_id': ref('l10n_se.product_product_bok'), 'price_unit': 2500.0, 'quantity': 30}),
            (0, 0, {'product_id': ref('l10n_se.product_product_prepaid_consulting_service'), 'price_unit': 2500.0, 'quantity': 30}),
            (0, 0, {'product_id': ref('l10n_se.product_product_catering_service'), 'price_unit': 2500.0, 'quantity': 30}),
            (0, 0, {'product_id': ref('l10n_se.product_product_demonstration_nature_area'), 'price_unit': 2500.0, 'quantity': 30}),
            ]"/>
        </record>
        
<!--
        <record id="new_demo_invoice_7" model="account.move">
            <field name="tax_line_ids" eval="[(0, 0, {'name': 'MBBUI1', 'account_id': ref('l10n_se.1_chart2645'), 'amount': 18750.0})]"/> 
        </record>
        <record id="new_demo_invoice_7" model="account.move">
            <field name="tax_line_ids" eval="[(0, 0, {'name': 'MBBUI2', 'account_id': ref('l10n_se.1_chart2645'), 'amount': 9000})]"/>
        </record>
        <record id="new_demo_invoice_7" model="account.move">
            <field name="tax_line_ids" eval="[(0, 0, {'name': 'MBBUI3', 'account_id': ref('l10n_se.1_chart2645'), 'amount': 4500.0})]"/>
        </record>
-->
        
<!--
        <record id="new_invoice_7_line_1" model="account.move.line">
            <field name="invoice_id" ref="l10n_se_tax_report.new_demo_invoice_7" />
            <field name ="product_id" ref="l10n_se.product_product_1"/>
            <field name="name">[SWEKB] Svenskt tangentbord</field>
            <field name="price_unit">2500</field>
            <field name="quantity">30</field>
            <field name="invoice_line_tax_ids" eval="[(6, 0, [ref('l10n_se.1_mbbui1')])]" />
            <field name="account_id" search="[('code', '=', u'4545')]" />
        </record>
        
        <record id="new_invoice_7_line_2" model="account.move.line">
            <field name ="product_id" ref="l10n_se.product_product_banan"/>
            <field name="name">banan</field>
            <field name="invoice_id" ref="l10n_se_tax_report.new_demo_invoice_7" />
            <field name="price_unit">2500</field>
            <field name="quantity">30</field>
            <field name="invoice_line_tax_ids" eval="[(6, 0, [ref('l10n_se.1_mbbui2')])]" />
            <field name="account_id" search="[('code', '=', u'4546')]" />
        </record>  
              
        <record id="new_invoice_7_line_3" model="account.move.line">
            <field name ="product_id" ref="l10n_se.product_product_bok"/>
            <field name="name">bok</field>
            <field name="invoice_id" ref="l10n_se_tax_report.new_demo_invoice_7" />
            <field name="price_unit">2500</field>
            <field name="quantity">30</field>
            <field name="invoice_line_tax_ids" eval="[(6, 0, [ref('l10n_se.1_mbbui3')])]" />
            <field name="account_id" search="[('code', '=', u'4547')]" />
        </record>
        
        <record id="new_invoice_7_line_4" model="account.move.line">
            <field name ="product_id" ref="l10n_se.product_product_prepaid_consulting_service"/>
            <field name="name">Prepaid Consulting</field>
            <field name="invoice_id" ref="l10n_se_tax_report.new_demo_invoice_7" />
            <field name="price_unit">2500</field>
            <field name="quantity">30</field>
            <field name="invoice_line_tax_ids" eval="[(6, 0, [])]" />
            <field name="account_id" search="[('code', '=', u'4545')]" />
        </record>

        <record id="new_invoice_7_line_5" model="account.move.line">
            <field name ="product_id" ref="l10n_se.product_product_catering_service"/>
            <field name="name">Cateringtjänst</field>
            <field name="invoice_id" ref="l10n_se_tax_report.new_demo_invoice_7" />
            <field name="price_unit">2500</field>
            <field name="quantity">30</field>
            <field name="invoice_line_tax_ids" eval="[(6, 0, [ref('l10n_se.1_it12')])]" />
            <field name="account_id" search="[('code', '=', u'4546')]" />
        </record>

        <record id="new_invoice_7_line_6" model="account.move.line">
            <field name ="product_id" ref="l10n_se.product_product_demonstration_nature_area"/>
            <field name="name">Förevisning naturområde</field>
            <field name="invoice_id" ref="l10n_se_tax_report.new_demo_invoice_7" />
            <field name="price_unit">2500</field>
            <field name="quantity">30</field>
            <field name="invoice_line_tax_ids" eval="[(6, 0, [ref('l10n_se.1_it6')])]" />
            <field name="account_id" search="[('code', '=', u'4547')]" />
        </record>
-->
        
         <!--
           The Jackson Group: Out invoice
        -->
        <record id="new_demo_invoice_8" model="account.move">
            <field name="name">VAT 08</field>
            <field name = "reference_type">none</field>
            <field name="invoice_date" eval="time.strftime('%Y')+'-06-05'" />
            <field name="invoice_user_id" ref="base.user_demo"/>
<!--
            <field name="date" eval="time.strftime('%Y')+'-11-14'" />
-->
<!--
            <field name="date_due" eval="time.strftime('%Y')+'-06-05" />
-->
            <field name="period_id" search="[('name', '=', '06/2022')]"/>
            <field name="currency_id" ref="base.SEK" />
            <field name="company_id" ref="base.main_company" />
            <field name="journal_id" search="[('type', '=', u'sale')]" />
            <field name="state">draft</field>
            <field name="move_type">out_invoice</field>
<!--
            <field name="account_id" search="[('code', '=', u'1510')]" />
-->
            <field name="partner_id" ref="base.res_partner_10" />
<!--
            <field name="tax_line_ids" eval="[(6, 0, [])]"/>
-->
            <field name ="invoice_payment_term_id" ref="account.account_payment_term_end_following_month"/>
            <field name="invoice_line_ids" eval="[
            (5, 0, 0),
            (0, 0, {'product_id': ref('l10n_se.product_product_1'), 'price_unit': 2500.0, 'quantity': 50}),
            (0, 0, {'product_id': ref('l10n_se.product_product_banan'), 'price_unit': 2500.0, 'quantity': 50}),
            (0, 0, {'product_id': ref('l10n_se.product_product_bok'), 'price_unit': 2500.0, 'quantity': 50}),
            (0, 0, {'product_id': ref('l10n_se.product_product_prepaid_consulting_service'), 'price_unit': 2500.0, 'quantity': 50}),
            (0, 0, {'product_id': ref('l10n_se.product_product_catering_service'), 'price_unit': 2500.0, 'quantity': 50}),
            (0, 0, {'product_id': ref('l10n_se.product_product_demonstration_nature_area'), 'price_unit': 2500.0, 'quantity': 50}),
            ]"/>
        </record>
<!--
        
        <record id="new_demo_invoice_8" model="account.move">
            <field name="tax_line_ids" eval="[(0, 0, {'name': 'E', 'account_id': ref('l10n_se.1_K2_3105_2017'), 'amount': 0.0})]"/> 
        </record>
-->
<!--
        
        <record id="new_invoice_8_line_1" model="account.move.line">
            <field name="invoice_id" ref="l10n_se_tax_report.new_demo_invoice_8" />
            <field name ="product_id" ref="l10n_se.product_product_1"/>
            <field name="name">[SWEKB] Svenskt tangentbord</field>
            <field name="price_unit">2500</field>
            <field name="quantity">50</field>
            <field name="invoice_line_tax_ids" eval="[(6, 0, [ref('l10n_se.1_e')])]" />
            <field name="account_id" search="[('code', '=', u'3105')]" />
        </record>
        
        <record id="new_invoice_8_line_2" model="account.move.line">
            <field name ="product_id" ref="l10n_se.product_product_banan"/>
            <field name="name">banan</field>
            <field name="invoice_id" ref="l10n_se_tax_report.new_demo_invoice_8" />
            <field name="price_unit">2500</field>
            <field name="quantity">50</field>
            <field name="invoice_line_tax_ids" eval="[(6, 0, [ref('l10n_se.1_e')])]" />
            <field name="account_id" search="[('code', '=', u'3105')]" />
        </record>  
              
        <record id="new_invoice_8_line_3" model="account.move.line">
            <field name ="product_id" ref="l10n_se.product_product_bok"/>
            <field name="name">bok</field>
            <field name="invoice_id" ref="l10n_se_tax_report.new_demo_invoice_8" />
            <field name="price_unit">2500</field>
            <field name="quantity">50</field>
            <field name="invoice_line_tax_ids" eval="[(6, 0, [ref('l10n_se.1_e')])]" />
            <field name="account_id" search="[('code', '=', u'3105')]" />
        </record>

        <record id="new_invoice_8_line_4" model="account.move.line">
            <field name ="product_id" ref="l10n_se.product_product_prepaid_consulting_service"/>
            <field name="name">Prepaid Consulting</field>
            <field name="invoice_id" ref="l10n_se_tax_report.new_demo_invoice_8" />
            <field name="price_unit">2500</field>
            <field name="quantity">50</field>
            <field name="invoice_line_tax_ids" eval="[(6, 0, [])]" />
            <field name="account_id" search="[('code', '=', u'3105')]" />
        </record>

        <record id="new_invoice_8_line_5" model="account.move.line">
            <field name ="product_id" ref="l10n_se.product_product_catering_service"/>
            <field name="name">Cateringtjänst</field>
            <field name="invoice_id" ref="l10n_se_tax_report.new_demo_invoice_8" />
            <field name="price_unit">2500</field>
            <field name="quantity">50</field>
            <field name="invoice_line_tax_ids" eval="[(6, 0, [ref('l10n_se.1_e')])]" />
            <field name="account_id" search="[('code', '=', u'3105')]" />
        </record>

        <record id="new_invoice_8_line_6" model="account.move.line">
            <field name ="product_id" ref="l10n_se.product_product_demonstration_nature_area"/>
            <field name="name">Förevisning naturområde</field>
            <field name="invoice_id" ref="l10n_se_tax_report.new_demo_invoice_8" />
            <field name="price_unit">2500</field>
            <field name="quantity">50</field>
            <field name="invoice_line_tax_ids" eval="[(6, 0, [ref('l10n_se.1_e')])]" />
            <field name="account_id" search="[('code', '=', u'3105')]" />
        </record>
-->
        <!--
           Camptocamp:in invoice
        -->
        <record id="new_demo_invoice_9" model="account.move">
            <field name="name">VAT 09</field>
            <field name = "reference_type">none</field>
            <field name="invoice_date" eval="time.strftime('%Y')+'-06-15'" />
            <field name="invoice_user_id" ref="base.user_demo"/>
            <field name="date" eval="time.strftime('%Y')+'-11-14'" />
<!--
            <field name="date_due" eval="time.strftime('%Y')+'-07-31" />
-->
            <field name="period_id" search="[('name', '=', '06/2022')]"/>
            <field name="currency_id" ref="base.SEK" />
            <field name="company_id" ref="base.main_company" />
            <field name="journal_id" search="[('type', '=', u'purchase')]" />
            <field name="state">draft</field>
            <field name="move_type">in_invoice</field>
<!--
            <field name="account_id" search="[('code', '=', u'2440')]" />
-->
            <field name="partner_id" ref="base.res_partner_12" />
<!--
            <field name="tax_line_ids" eval="[(6, 0, [])]"/>
-->
            <field name ="invoice_payment_term_id" ref="account.account_payment_term_end_following_month"/>
            <field name="invoice_line_ids" eval="[
            (5, 0, 0),
            (0, 0, {'product_id': ref('l10n_se.product_product_1'), 'price_unit': 1000.0, 'quantity': 40}),
            (0, 0, {'product_id': ref('l10n_se.product_product_banan'), 'price_unit': 1000.0, 'quantity': 40}),
            (0, 0, {'product_id': ref('l10n_se.product_product_bok'), 'price_unit': 1000.0, 'quantity': 40}),
            (0, 0, {'product_id': ref('l10n_se.product_product_prepaid_consulting_service'), 'price_unit': 1000.0, 'quantity': 40}),
            (0, 0, {'product_id': ref('l10n_se.product_product_catering_service'), 'price_unit': 1000.0, 'quantity': 40}),
            (0, 0, {'product_id': ref('l10n_se.product_product_demonstration_nature_area'), 'price_unit': 1000.0, 'quantity': 40}),
            ]"/>
        </record>
        
<!--
        <record id="new_demo_invoice_9" model="account.move">
            <field name="tax_line_ids" eval="[(0, 0, {'name': 'VFEU12', 'account_id': ref('l10n_se.1_chart2645'), 'amount': 3840})]"/> 
        </record>
        
        <record id="new_demo_invoice_9" model="account.move">
            <field name="tax_line_ids" eval="[(0, 0, {'name': 'VFEU', 'account_id': ref('l10n_se.1_chart2645'), 'amount': 8000})]"/> 
        </record>
        
        
        <record id="new_demo_invoice_9" model="account.move">
            <field name="tax_line_ids" eval="[(0, 0, {'name': 'VFEU6', 'account_id': ref('l10n_se.1_chart2645'), 'amount': 1920})]"/> 
        </record>
-->
        
<!--
        <record id="new_invoice_9_line_1" model="account.move.line">
            <field name="invoice_id" ref="l10n_se_tax_report.new_demo_invoice_9" />
            <field name ="product_id" ref="l10n_se.product_product_1"/>
            <field name="name">[SWEKB] Svenskt tangentbord</field>
            <field name="price_unit">800</field>
            <field name="quantity">40</field>
            <field name="invoice_line_tax_ids" eval="[(6, 0, [ref('l10n_se.1_vfeu')])]" />
            <field name="account_id" search="[('code', '=', u'4515')]" />
        </record>
        
        <record id="new_invoice_9_line_2" model="account.move.line">
            <field name ="product_id" ref="l10n_se.product_product_banan"/>
            <field name="name">banan</field>
            <field name="invoice_id" ref="l10n_se_tax_report.new_demo_invoice_9" />
            <field name="price_unit">800</field>
            <field name="quantity">40</field>
            <field name="invoice_line_tax_ids" eval="[(6, 0, [ref('l10n_se.1_vfeu12')])]" />
            <field name="account_id" search="[('code', '=', u'4516')]" />
        </record>  
              
        <record id="new_invoice_9_line_3" model="account.move.line">
            <field name ="product_id" ref="l10n_se.product_product_bok"/>
            <field name="name">bok</field>
            <field name="invoice_id" ref="l10n_se_tax_report.new_demo_invoice_9" />
            <field name="price_unit">800</field>
            <field name="quantity">40</field>
            <field name="invoice_line_tax_ids" eval="[(6, 0, [ref('l10n_se.1_vfeu6')])]" />
            <field name="account_id" search="[('code', '=', u'4517')]" />
        </record>
        
        <record id="new_invoice_9_line_4" model="account.move.line">
            <field name ="product_id" ref="l10n_se.product_product_prepaid_consulting_service"/>
            <field name="name">Prepaid Consulting</field>
            <field name="invoice_id" ref="l10n_se_tax_report.new_demo_invoice_9" />
            <field name="price_unit">800</field>
            <field name="quantity">40</field>
            <field name="invoice_line_tax_ids" eval="[(6, 0, [])]" />
            <field name="account_id" search="[('code', '=', u'4515')]" />
        </record>

        <record id="new_invoice_9_line_5" model="account.move.line">
            <field name ="product_id" ref="l10n_se.product_product_catering_service"/>
            <field name="name">Cateringtjänst</field>
            <field name="invoice_id" ref="l10n_se_tax_report.new_demo_invoice_9" />
            <field name="price_unit">800</field>
            <field name="quantity">40</field>
            <field name="invoice_line_tax_ids" eval="[(6, 0, [ref('l10n_se.1_tfeu12')])]" />
            <field name="account_id" search="[('code', '=', u'4516')]" />
        </record>

        <record id="new_invoice_9_line_6" model="account.move.line">
            <field name ="product_id" ref="l10n_se.product_product_demonstration_nature_area"/>
            <field name="name">Förevisning naturområde</field>
            <field name="invoice_id" ref="l10n_se_tax_report.new_demo_invoice_9" />
            <field name="price_unit">800</field>
            <field name="quantity">40</field>
            <field name="invoice_line_tax_ids" eval="[(6, 0, [ref('l10n_se.1_tfeu6')])]" />
            <field name="account_id" search="[('code', '=', u'4517')]" />
        </record>
-->
        

        
        
        <!-- ==== Post invoices ==== -->
        <!-- Ensure every detail related to the partner is set (fiscal position, payment terms, bank,...)-->
        <function model="account.move" name="_onchange_partner_id">
            <value eval="[ref('new_demo_invoice_1')]"/>
        </function>
        
        <function model="account.move" name="_onchange_partner_id">
            <value eval="[ref('new_demo_invoice_2')]"/>
        </function>
        
        <function model="account.move" name="_onchange_partner_id">
            <value eval="[ref('new_demo_invoice_3')]"/>
        </function>
        
        <function model="account.move" name="_onchange_partner_id">
            <value eval="[ref('new_demo_invoice_4')]"/>
        </function>
        
        <function model="account.move" name="_onchange_partner_id">
            <value eval="[ref('new_demo_invoice_5')]"/>
        </function>
        
        <function model="account.move" name="_onchange_partner_id">
            <value eval="[ref('new_demo_invoice_6')]"/>
        </function>
        
        <function model="account.move" name="_onchange_partner_id">
            <value eval="[ref('new_demo_invoice_7')]"/>
        </function>
        
        <function model="account.move" name="_onchange_partner_id">
            <value eval="[ref('new_demo_invoice_8')]"/>
        </function>

        <function model="account.move" name="_onchange_partner_id">
            <value eval="[ref('new_demo_invoice_9')]"/>
        </function>
        
        <!--
        function that runs the _onchange_invoice_line_ids so that the correct taxes gets calculated
        -->
        
        <!-- Ensure the lines are consistent with the products (taxes, price, name) -->
        <!-- check_move_validity=False because the dynamic lines are computed after, it is checked later at the post function -->

        <function model="account.move.line" name="_onchange_product_id" context="{'check_move_validity': False}">
            <value model="account.move.line" eval="obj().search([('move_id', 'in', [
                ref('new_demo_invoice_1'),
                ref('new_demo_invoice_2'),
                ref('new_demo_invoice_3'),
                ref('new_demo_invoice_4'),
                ref('new_demo_invoice_5'),
                ref('new_demo_invoice_6'),
                ref('new_demo_invoice_7'),
                ref('new_demo_invoice_8'),
                ref('new_demo_invoice_9'),
            ])]).ids"/>
        </function>
        
            <function model="account.move.line" name="_onchange_mark_recompute_taxes" context="{'check_move_validity': False}">
            <value model="account.move.line" eval="obj().search([('move_id', 'in', [
                ref('new_demo_invoice_1'),
                ref('new_demo_invoice_2'),
                ref('new_demo_invoice_3'),
                ref('new_demo_invoice_4'),
                ref('new_demo_invoice_5'),
                ref('new_demo_invoice_6'),
                ref('new_demo_invoice_7'),
                ref('new_demo_invoice_8'),
                ref('new_demo_invoice_9'),
            ])]).ids"/>
        </function>
        
        <function model="account.move" name="_recompute_dynamic_lines" context="{'check_move_validity': False}">
        <value eval="[
         ref('new_demo_invoice_1'),
         ref('new_demo_invoice_2'), 
         ref('new_demo_invoice_3'), 
         ref('new_demo_invoice_4'), 
         ref('new_demo_invoice_5'), 
         ref('new_demo_invoice_6'), 
         ref('new_demo_invoice_7'), 
         ref('new_demo_invoice_8'), 
         ref('new_demo_invoice_9'), 
         ]"/>
        </function>

  </data>
</odoo>
