<?xml version="1.0" encoding="utf-8"?>
<odoo>
    <data noupdate="0">
        <record id="res_partner_1" model="res.partner">
            <field name="name">Databutiken</field>
            <field eval="[(6, 0, [ref('base.res_partner_category_11'), ref('base.res_partner_category_12')])]" name="category_id" />
<!--
            <field name="supplier">1</field>
-->
<!--
            <field eval="0" name="customer" />
-->
            <field name="is_company">1</field>
            <field name="city">Stockholm</field>
            <field name="zip">123 45</field>
            <field name="country_id" ref="base.se" />
            <field name="street">Mariagatan 133</field>
            <field name="email">databutiken@yourcompany.example.com</field>
            <field name="phone">08 - 456 78 90</field>
            <field name="website" />
        </record>
        <record id="res_partner_2" model="res.partner">
            <field name="name">Tegel &amp; Murbruk Data AB</field>
            <field eval="[(6, 0, [ref('base.res_partner_category_11'), ref('base.res_partner_category_12')])]" name="category_id" />
<!--
            <field name="customer">1</field>
-->
<!--
            <field eval="0" name="supplier" />
-->
            <field name="is_company">1</field>
            <field name="city">Stockholm</field>
            <field name="zip">123 45</field>
            <field name="country_id" ref="base.se" />
            <field name="street">Hornsgatan56</field>
            <field name="email">tegelomurbruk@yourcompany.example.com</field>
            <field name="phone">08 - 098 76 54</field>
            <field name="website" />
        </record>
        <record id="product_product_1" model="product.product">
            <field name="name">Svenskt tangentbord</field>
            <field name="default_code">SWE_MP1</field>
            <field name="categ_id" ref="product.product_category_5" />
            <field name="standard_price">1000</field>
            <field name="list_price">2500</field>
            <field name="type">consu</field>
            <field name="uom_id" ref="uom.product_uom_unit" />
            <field name="uom_po_id" ref="uom.product_uom_unit" />
            <field name="description_sale">Trådlöst.</field>
            <field name="property_account_income_id" ref = "l10n_se.1_chart3001"/>
            <field name="property_account_expense_id" ref = "l10n_se.1_chart4001"/>
        </record>
        <record id="product_product_2" model="product.product">
            <field name="name">Dator III</field>
            <field name="default_code">DMASK</field>
            <field name="categ_id" ref="product.product_category_5" />
            <field name="standard_price">11000</field>
            <field name="list_price">15000</field>
            <field name="type">consu</field>
            <field name="uom_id" ref="uom.product_uom_unit" />
            <field name="uom_po_id" ref="uom.product_uom_unit" />
            <field name="property_account_expense_id" search="[('code', '=', '1251')]" />
            <field name="description_sale">Stationär. 200 GB RAM / 2TB disk.</field>
        </record>
        <record id="product_product_3" model="product.product">
            <field name="name">Svenskt tangentbord och mus</field>
            <field name="default_code">SWEKB-kit</field>
            <field name="categ_id" ref="product.product_category_5" />
            <field name="standard_price">1000</field>
            <field name="list_price">2500</field>
            <field name="type">consu</field>
            <field name="uom_id" ref="uom.product_uom_unit" />
            <field name="uom_po_id" ref="uom.product_uom_unit" />
            <field name="description_sale">Trådlöst. inklusive mus</field>
        </record>
        <record id="product_product_4" model="product.product">
            <field name="name">Dator Portable</field>
            <field name="default_code">DMASK</field>
            <field name="categ_id" ref="product.product_category_5" />
            <field name="standard_price">11000</field>
            <field name="list_price">15000</field>
            <field name="type">consu</field>
            <field name="uom_id" ref="uom.product_uom_unit" />
            <field name="uom_po_id" ref="uom.product_uom_unit" />
            <field name="property_account_expense_id" search="[('code', '=', '1251')]" />
            <field name="description_sale">Bärbar. 200 GB RAM / 2TB disk.</field>
        </record>
        <!-- INSTALL DEMO DATABASE WITH TEST DATA -->
        <!-- 1. MIS builder-->
        <!-- 1. Bokföring [account_accountant] | 2. Fakturering [account] -->
        <!-- 2. Reinstall Bokföring [account_accountant]                  -->
        <!-- 3. Försäljning [sale]                -->

        <!-- 1. Faktura a.k.a. "sale_expense".    -->
        <!-- 2. An error message will show.  -->
        <!-- 3. Click OK and install Faktura a.k.a. "sale_expense" one more time. -->
        <!-- 4. Install MIS, Swedish MIS report a.k.a. "l10n_se_mis".        -->
        <!-- 5. Install Sweden accounting, a.k.a. "l10n_se".                 -->
        <!--  * "Choose Accounting Template", select "K2" when asked -->
        <!--  ***  ***  ***  ***  ***  ***  ***  ***  ***  ***  ***  -->

        <record id="product.product_product_3_product_template" model="product.template">
            <field name="taxes_id" eval="[(6,0, (ref('l10n_se.mp1'),))]"/>
            <field name="supplier_taxes_id" eval="[(6,0, (ref('l10n_se.i'),))]"/>
        </record>
        <record id="product.product_product_16_product_template" model="product.template">
            <field name="taxes_id" eval="[(6,0, (ref('l10n_se.mp1'),))]"/>
            <field name="supplier_taxes_id" eval="[(6,0, (ref('l10n_se.i'),))]"/>
        </record>
        <!-- some text -->
        <record id="product.product_delivery_01_product_template" model="product.template">
            <field name="taxes_id" eval="[(6,0, (ref('l10n_se.mp1'),))]"/>
            <field name="supplier_taxes_id" eval="[(6,0, (ref('l10n_se.i'),))]"/>
        </record>

        <!-- some text -->
        <record id="product.product_product_5_product_template" model="product.template">
            <field name="taxes_id" eval="[(6,0, (ref('l10n_se.mp1'),))]"/>
            <field name="supplier_taxes_id" eval="[(6,0, (ref('l10n_se.i'),))]"/>
        </record>

        <record id="product.product_product_7_product_template" model="product.template">
            <field name="taxes_id" eval="[(6,0, (ref('l10n_se.mp1'),))]"/>
            <field name="supplier_taxes_id" eval="[(6,0, (ref('l10n_se.i'),))]"/>
        </record>
        <record id="product.product_product_9_product_template" model="product.template">
            <field name="taxes_id" eval="[(6,0, (ref('l10n_se.mp1'),))]"/>
            <field name="supplier_taxes_id" eval="[(6,0, (ref('l10n_se.i'),))]"/>
        </record>
        <!-- iPad Retina Display (Vit, 16 GB) -->
        <record id="product.product_product_4" model="product.product">
            <field name="taxes_id" eval="[(6,0, (ref('l10n_se.mp1'),))]"/>
            <field name="supplier_taxes_id" eval="[(6,0, (ref('l10n_se.i'),))]"/>
        </record>
        <record id="product.consu_delivery_01" model="product.product">
            <field name="taxes_id" eval="[(6,0, (ref('l10n_se.mp1'),))]"/>
            <field name="supplier_taxes_id" eval="[(6,0, (ref('l10n_se.i'),))]"/>
        </record>
        <!-- Laptop E5023 -->
        <record id="product.product_product_25" model="product.product">
            <field name="taxes_id" eval="[(6,0, (ref('l10n_se.mp1'),))]"/>
            <field name="supplier_taxes_id" eval="[(6,0, (ref('l10n_se.i'),))]"/>
        </record>
        <!-- Datacard -->
        <record id="product.product_delivery_02" model="product.product">
            <field name="taxes_id" eval="[(6,0, (ref('l10n_se.mp1'),))]"/>
            <field name="supplier_taxes_id" eval="[(6,0, (ref('l10n_se.i'),))]"/>
        </record>
        <!-- 24-portars switch -->
        <record id="product.product_delivery_01" model="product.product">
            <field name="taxes_id" eval="[(6,0, (ref('l10n_se.mp1'),))]"/>
            <field name="supplier_taxes_id" eval="[(6,0, (ref('l10n_se.i'),))]"/>
        </record>
        <!-- Liten Server -->
        <record id="product.consu_delivery_02" model="product.product">
            <field name="taxes_id" eval="[(6,0, (ref('l10n_se.mp1'),))]"/>
            <field name="supplier_taxes_id" eval="[(6,0, (ref('l10n_se.i'),))]"/>
        </record>

        <record id="product.product_product_27" model="product.product">
            <field name="taxes_id" eval="[(6,0, (ref('l10n_se.mp1'),))]"/>
            <field name="supplier_taxes_id" eval="[(6,0, (ref('l10n_se.i'),))]"/>
        </record>
        <!-- GAP Analysis Service -->
        <record id="product.product_product_1" model="product.product">
            <field name="taxes_id" eval="[(6,0, (ref('l10n_se.mp1'),))]"/>
            <field name="supplier_taxes_id" eval="[(6,0, (ref('l10n_se.i'),))]"/>
        </record>
        <!-- Support Service -->
        <record id="product.product_product_2" model="product.product">
            <field name="taxes_id" eval="[(6,0, (ref('l10n_se.mp1'),))]"/>
            <field name="supplier_taxes_id" eval="[(6,0, (ref('l10n_se.i'),))]"/>
        </record>
        
        <!--
        Some products in order to test invoices
        -->
        

        <record id="product_product_banan" model="product.product">
            <field name="name">Banan</field>
            <field name="default_code">SWEPRODUCT_MP2</field>
            <field name="categ_id" ref="product.product_category_5" />
            <field name="standard_price">1000</field>
            <field name="list_price">2500</field>
            <field name="type">consu</field>
            <field name="uom_id" ref="uom.product_uom_unit" />
            <field name="uom_po_id" ref="uom.product_uom_unit" />
            <field name="description_sale">Exempel på matvara.</field>
            <field name="taxes_id" eval="[(6,0, (ref('l10n_se.1_mp2'),))]"/>
            <field name="supplier_taxes_id" eval="[(6,0, (ref('l10n_se.1_i12'),))]"/>
            <field name="property_account_income_id" ref = "l10n_se.1_chart3002"/>
            <field name="property_account_expense_id" ref = "l10n_se.1_chart4002"/>
        </record>
        
        <record id="product_product_bok" model="product.product">
            <field name="name">Odoo Bok</field>
            <field name="default_code">SWEPRODUCT_MP3</field>
            <field name="categ_id" ref="product.product_category_5" />
            <field name="standard_price">1000</field>
            <field name="list_price">2500</field>
            <field name="type">consu</field>
            <field name="uom_id" ref="uom.product_uom_unit" />
            <field name="uom_po_id" ref="uom.product_uom_unit" />
            <field name="description_sale">Exempel på bok.</field>
            <field name="taxes_id" eval="[(6,0, (ref('l10n_se.1_mp3'),))]"/>
            <field name="supplier_taxes_id" eval="[(6,0, (ref('l10n_se.1_i6'),))]"/>
            <field name="property_account_income_id" ref = "l10n_se.1_chart3003"/>
            <field name="property_account_expense_id" ref = "l10n_se.1_chart4003"/>
        </record>
        
        <!--
        Some services in order to test invoices
        -->
        
        
        <record id="product_product_prepaid_consulting_service" model="product.product">
            <field name="name">Prepaid Consulting</field>
            <field name="default_code">SWETJÄNST_MP1</field>
            <field name="categ_id" ref="product.product_category_5" />
            <field name="standard_price">1000</field>
            <field name="list_price">2500</field>
            <field name="type">service</field>
            <field name="uom_id" ref="uom.product_uom_unit" />
            <field name="uom_po_id" ref="uom.product_uom_unit" />
            <field name="description_sale">Exempel på Prepaid Consulting</field>
            <field name="taxes_id" eval="[(6,0, (ref('l10n_se.1_mp1'),))]"/>
            <field name="supplier_taxes_id" eval="[(6,0, (ref('l10n_se.1_it'),))]"/>
            <field name="property_account_income_id" ref = "l10n_se.1_chart3001"/>
            <field name="property_account_expense_id" ref = "l10n_se.1_chart4001"/>
        </record>
        
        
        <record id="product_product_catering_service" model="product.product">
            <field name="name">Cateringtjänst</field>
            <field name="default_code">SWETJÄNST_MP2</field>
            <field name="categ_id" ref="product.product_category_5" />
            <field name="standard_price">1000</field>
            <field name="list_price">2500</field>
            <field name="type">service</field>
            <field name="uom_id" ref="uom.product_uom_unit" />
            <field name="uom_po_id" ref="uom.product_uom_unit" />
            <field name="description_sale">Exempel på cateringtjänst</field>
            <field name="taxes_id" eval="[(6,0, (ref('l10n_se.1_mp2'),))]"/>
            <field name="supplier_taxes_id" eval="[(6,0, (ref('l10n_se.1_it12'),))]"/>
            <field name="property_account_income_id" ref = "l10n_se.1_chart3002"/>
            <field name="property_account_expense_id" ref = "l10n_se.1_chart4002"/>
        </record>
        
        <record id="product_product_demonstration_nature_area" model="product.product">
            <field name="name">Förevisning naturområde</field>
            <field name="default_code">SWETJÄNST_MP3</field>
            <field name="categ_id" ref="product.product_category_5" />
            <field name="standard_price">1000</field>
            <field name="list_price">2500</field>
            <field name="type">service</field>
            <field name="uom_id" ref="uom.product_uom_unit" />
            <field name="uom_po_id" ref="uom.product_uom_unit" />
            <field name="description_sale">Exempel på förevisning naturområde</field>
            <field name="taxes_id" eval="[(6,0, (ref('l10n_se.1_mp3'),))]"/>
            <field name="supplier_taxes_id" eval="[(6,0, (ref('l10n_se.1_it6'),))]"/>
            <field name="property_account_income_id" ref = "l10n_se.1_chart3003"/>
            <field name="property_account_expense_id" ref = "l10n_se.1_chart4003"/>
        </record>
        
    </data>
</odoo>
