<?xml version="1.0" encoding="utf-8"?>
<odoo>
    <data>
        <record id="agd_report" model="account.financial.report">
            <field name="name">Arbetsgivardeklaration</field>
            <field name="sequence">0</field>
            <field name="type">accounts</field>
            <field name="sign" eval="1"/>
            <field name="style_overwrite" eval="1"/>
        </record>
        <record id="agd_report_LonBrutto" model="account.financial.report">
            <field name="name">50. Avgiftspliktig bruttolön utom förmåner</field>
            <field name="sequence">10</field>
            <field name="type">accounts</field>
            <field name="sign" eval="1"/>
            <field name="parent_id" ref="agd_report"/>
            <field name="style_overwrite" eval="4"/>
            <field name="tax_ids" model = "account.tax.template"  search="[('name', 'in', ['UlagAvgHel', 'LonBrutto'])]"/>
        </record>
        <record id="agd_report_Forman" model="account.financial.report">
            <field name="name">51. Avgiftspliktiga förmåner</field>
            <field name="sequence">11</field>
            <field name="type">accounts</field>
            <field name="sign" eval="1"/>
            <field name="parent_id" ref="agd_report"/>
            <field name="style_overwrite" eval="4"/>
            <field name="tax_ids" model = "account.tax.template"  search="[('name', '=', 'Forman')]"/>
        </record>
        <record id="agd_report_AvdrKostn" model="account.financial.report">
            <field name="name">52. Avdrag för utgifter i arbetet</field>
            <field name="sequence">12</field>
            <field name="type">accounts</field>
            <field name="sign" eval="1"/>
            <field name="parent_id" ref="agd_report"/>
            <field name="style_overwrite" eval="4"/>
            <field name="tax_ids" model = "account.tax.template"  search="[('name', '=', 'AvdrKostn')]"/>
        </record>
        <record id="agd_report_SumUlagAvg" model="account.financial.report">
            <field name="name">53. Sammanlagt underlag för arbetsgivaravgifter och särskild löneskatt</field>
            <field name="sequence">20</field>
            <field name="type">accounts</field>
            <field name="sign" eval="1"/>
            <field name="parent_id" ref="agd_report"/>
            <field name="style_overwrite" eval="4"/>
            <field name="tax_ids" model = "account.tax.template"  search="[('name', 'in', ['UlagAvgHel', 'SumUlagAvg'])]"/>
        </record>
        <record id="agd_report_UlagAvgHel" model="account.financial.report">
            <field name="name">55. Full arbetsgivaravgift för yngre än 65 år</field>
            <field name="sequence">30</field>
            <field name="type">accounts</field>
            <field name="sign" eval="1"/>
            <field name="parent_id" ref="agd_report"/>
            <field name="style_overwrite" eval="4"/>
            <field name="tax_ids" model = "account.tax.template"  search="[('name', '=', 'UlagAvgHel')]"/>
        </record>
        <record id="agd_report_AvgHel" model="account.financial.report">
            <field name="name">56. 31,42% av rad 55</field>
            <field name="sequence">40</field>
            <field name="type">accounts</field>
            <field name="sign" eval="1"/>
            <field name="parent_id" ref="agd_report"/>
            <field name="style_overwrite" eval="4"/>
            <field name="tax_ids" model = "account.tax.template"  search="[('name', '=', 'AvgHel')]"/>
        </record>
        <record id="agd_report_AvgVXLon" model="account.financial.report">
            <field name="name">57. Enskild näringsidkares första anställda</field>
            <field name="sequence">41</field>
            <field name="type">accounts</field>
            <field name="sign" eval="1"/>
            <field name="parent_id" ref="agd_report"/>
            <field name="style_overwrite" eval="4"/>
            <field name="tax_ids" model = "account.tax.template"  search="[('name', '=', 'AvgVXLon')]"/>
        </record>
        <record id="agd_report_UlagVXLon" model="account.financial.report">
            <field name="name">58. 10,21% av rad 57</field>
            <field name="sequence">42</field>
            <field name="type">accounts</field>
            <field name="sign" eval="1"/>
            <field name="parent_id" ref="agd_report"/>
            <field name="style_overwrite" eval="4"/>
            <field name="tax_ids" model = "account.tax.template"  search="[('name', '=', 'UlagVXLon')]"/>
        </record>
        <record id="agd_report_UlagAvgAldersp" model="account.financial.report">
            <field name="name">59. Arbetsgivaravgift för 66-79 år</field>
            <field name="sequence">43</field>
            <field name="type">accounts</field>
            <field name="sign" eval="1"/>
            <field name="parent_id" ref="agd_report"/>
            <field name="style_overwrite" eval="4"/>
            <field name="tax_ids" model = "account.tax.template"  search="[('name', '=', 'UlagAvgAldersp')]"/>
        </record>
        <record id="agd_report_AvgAldersp" model="account.financial.report">
            <field name="name">60. 16.36% av rad 59</field>
            <field name="sequence">44</field>
            <field name="type">accounts</field>
            <field name="sign" eval="1"/>
            <field name="parent_id" ref="agd_report"/>
            <field name="style_overwrite" eval="4"/>
            <field name="tax_ids" model = "account.tax.template" search="[('name', '=', 'AvgAldersp')]"/>
        </record>
        <record id="agd_report_UlagAlderspSkLon" model="account.financial.report">
            <field name="name">61. Särskild löneskatt för 80 år eller äldre</field>
            <field name="sequence">45</field>
            <field name="type">accounts</field>
            <field name="sign" eval="1"/>
            <field name="parent_id" ref="agd_report"/>
            <field name="style_overwrite" eval="4"/>
            <field name="tax_ids" model = "account.tax.template"  search="[('name', '=', 'UlagAlderspSkLon')]"/>
        </record>
        <record id="agd_report_AvgAlderspSkLon" model="account.financial.report">
            <field name="name">62. 6,15% av rad 61</field>
            <field name="sequence">46</field>
            <field name="type">accounts</field>
            <field name="sign" eval="1"/>
            <field name="parent_id" ref="agd_report"/>
            <field name="style_overwrite" eval="4"/>
            <field name="tax_ids" model = "account.tax.template"  search="[('name', '=', 'AvgAlderspSkLon')]"/>
        </record>
        <record id="agd_report_UlagStodForetag" model="account.financial.report">
            <field name="name">73. Forskning och utveckling</field>
            <field name="sequence">50</field>
            <field name="type">accounts</field>
            <field name="sign" eval="1"/>
            <field name="parent_id" ref="agd_report"/>
            <field name="style_overwrite" eval="4"/>
            <field name="tax_ids" model = "account.tax.template"  search="[('name', '=', 'UlagStodForetag')]"/>
        </record>
        <record id="agd_report_AvdrStodForetag" model="account.financial.report">
            <field name="name">74. Avdrag forskning och utveckling</field>
            <field name="sequence">51</field>
            <field name="type">accounts</field>
            <field name="sign" eval="1"/>
            <field name="parent_id" ref="agd_report"/>
            <field name="style_overwrite" eval="4"/>
            <field name="tax_ids" model = "account.tax.template"  search="[('name', '=', 'AvdrStodForetag')]"/>
        </record>
        <record id="agd_report_UlagStodUtvidgat" model="account.financial.report">
            <field name="name">75. Regionalt stöd, underlag</field>
            <field name="sequence">52</field>
            <field name="type">accounts</field>
            <field name="sign" eval="1"/>
            <field name="parent_id" ref="agd_report"/>
            <field name="style_overwrite" eval="4"/>
            <field name="tax_ids" model = "account.tax.template"  search="[('name', '=', 'UlagStodUtvidgat')]"/>
        </record>
        <record id="agd_report_AvdrStodUtvidgat" model="account.financial.report">
            <field name="name">76. Avdrag regionalt stöd</field>
            <field name="sequence">53</field>
            <field name="type">accounts</field>
            <field name="sign" eval="1"/>
            <field name="parent_id" ref="agd_report"/>
            <field name="style_overwrite" eval="4"/>
            <field name="tax_ids" model = "account.tax.template"  search="[('name', '=', 'AvdrStodUtvidgat')]"/>
        </record>
        <record id="agd_report_SumAvgBetala" model="account.financial.report">
            <field name="name">78. Summa arbetsgivaravgift</field>
            <field name="sequence">55</field>
            <field name="type">accounts</field>
            <field name="sign" eval="1"/>
            <field name="parent_id" ref="agd_report"/>
            <field name="style_overwrite" eval="4"/>
            <field name="tax_ids" model = "account.tax.template"  search="[('name', 'in', ['AvgHel', 'UlagVXLon', 'AvgAldersp', 'AvgAlderspSkLon', 'SumAvgBetala'])]"/>
        </record>
        <record id="agd_report_UlagSkAvdrLon" model="account.financial.report">
            <field name="name">81. Lön och förmåner</field>
            <field name="sequence">60</field>
            <field name="type">accounts</field>
            <field name="sign" eval="1"/>
            <field name="parent_id" ref="agd_report"/>
            <field name="style_overwrite" eval="4"/>
            <field name="tax_ids" model = "account.tax.template"  search="[('name', 'in', ['UlagAvgHel', 'UlagSkAvdrLon'])]"/>
        </record>
        <record id="agd_report_SkAvdrLon" model="account.financial.report">
            <field name="name">82. Från lön och förmåner</field>
            <field name="sequence">70</field>
            <field name="type">accounts</field>
            <field name="sign" eval="1"/>
            <field name="parent_id" ref="agd_report"/>
            <field name="style_overwrite" eval="4"/>
            <field name="tax_ids" model = "account.tax.template"  search="[('name', '=', 'SkAvdrLon')]"/>
        </record>
        <record id="agd_report_UlagSumSkAvdr" model="account.financial.report">
            <field name="name">87. Summa underlag för skatteavdrag</field>
            <field name="sequence">79</field>
            <field name="type">accounts</field>
            <field name="sign" eval="1"/>
            <field name="parent_id" ref="agd_report"/>
            <field name="style_overwrite" eval="4"/>
            <field name="tax_ids" model = "account.tax.template"  search="[('name', 'in', ['UlagAvgHel'])]"/>
        </record>
        <record id="agd_report_SumSkAvdr" model="account.financial.report">
            <field name="name">88. Summa avdragen skatt</field>
            <field name="sequence">80</field>
            <field name="type">accounts</field>
            <field name="sign" eval="1"/>
            <field name="parent_id" ref="agd_report"/>
            <field name="style_overwrite" eval="4"/>
            <field name="tax_ids" model = "account.tax.template"  search="[('name', 'in', ['SkAvdrLon', 'SumSkAvdr'])]"/>
        </record>
        <record id="agd_report_AgAvgPreS" model="account.financial.report">
            <field name="name">Summa avgift och skatt att betala</field>
            <field name="sequence">90</field>
            <field name="type">accounts</field>
            <field name="sign" eval="1"/>
            <field name="parent_id" ref="agd_report"/>
            <field name="style_overwrite" eval="3"/>
            <field name="tax_ids" model = "account.tax.template"  search="[('name', '=', 'AgAvgPreS')]"/>
        </record>
    </data>
</odoo>
