<?xml version="1.0"?>
<openerp>
    <data noupdate="0">
        <record id="account_payment_term" model="account.payment.term">
            <field name="name">End of Following Month</field>
            <field name="note">Payment term: End of Following Month</field>
            <field name="line_ids" eval="[(4, 0, {'value': 'balance', 'value_amount': 0.0, 'sequence': 500, 'days': 0, 'option': 'last_day_following_month'})]" />
        </record>
        <record id="partner_supplier" model="res.partner">
            <!--
                 <field name="company_id" ref="base.main_company" />
            -->
            <field name="name">Supplier</field>
            <field name="tz">Europe/Stockholm</field>
            <field name="is_company">True</field>
        </record>
        <record id="partner_customer" model="res.partner">
            <!--
                 <field name="company_id" ref="base.main_company" />
            -->
            <field name="name">Customer</field>
            <field name="tz">Europe/Stockholm</field>
            <field name="is_company">True</field>
        </record>
        <!-- supplier invoice -->
        <record id="demo_invoice_0" model="account.invoice">
            <field name="name">VAT 02</field>
            <field name="date_invoice" eval="time.strftime('%Y')+'-03-01'" />
            <field name="date_due" eval="time.strftime('%Y')+'-03-30'" />
            <field name="period_id" search="[('name', '=', '03/2018')]"/>
            <field name="payment_term" ref="account_payment_term" />
            <field name="journal_id" search="[('type', '=', u'purchase')]" />
            <field name="currency_id" ref="base.SEK" />
            <field name="user_id" eval="1" />
            <field name="reference_type">none</field>
            <field name="company_id" ref="base.main_company" />
            <field name="state">draft</field>
            <field name="type">in_invoice</field>
            <field name="account_id" search="[('code', '=', u'2440')]" />
            <field name="reconciled" eval="0" />
            <field name="amount_untaxed" eval="14.0" />
            <field name="amount_total" eval="14.0" />
            <field name="partner_id" ref="partner_supplier" />
            <field name="tax_line_ids" eval="[(0, 0, {'name': 'I', 'account_id': ref('l10n_se.1_chart2640'), 'amount': 2.8})]"/>
        </record>
        <record id="demo_invoice_0_line_rpanrearpanelshe0" model="account.invoice.line">
            <field name="invoice_id" ref="demo_invoice_0" />
            <field name="account_id" search="[('code', '=', u'5410')]" />
            <field name="uos_id" ref="product.product_uom_unit" />
            <field name="price_unit" eval="10.0" />
            <field name="price_subtotal" eval="10.0" />
            <field name="company_id" ref="base.main_company" />
            <field name="invoice_line_tax_ids" eval="[(6, 0, [ref('l10n_se.1_i')])]" />
            <field name="quantity" eval="1.0" />
            <field name="name">Toner Cartridge</field>
        </record>
        <record id="demo_invoice_0_line_rckrackcm0" model="account.invoice.line">
            <field name="invoice_id" ref="demo_invoice_0" />
            <field name="account_id" search="[('code', '=', u'5410')]" />
            <field name="uos_id" ref="product.product_uom_unit" />
            <field name="price_unit" eval="4.0" />
            <field name="price_subtotal" eval="4.0" />
            <field name="company_id" ref="base.main_company" />
            <field name="invoice_line_tax_ids" eval="[(6, 0, [ref('l10n_se.1_i')])]" />
            <field name="quantity" eval="1.0" />
            <field name="name">Zed+ Antivirus</field>
        </record>
        <!-- Some customer invoices used to show the reconciliation process on the bank statement -->
        <!-- customer invoice -->
        <record id="invoice_1" model="account.invoice">
            <field name="name">VAT 02</field>
            <field name="date_invoice" eval="time.strftime('%Y')+'-03-01'" />
            <field name="date_due" eval="time.strftime('%Y')+'-03-30'" />
            <field name="period_id" search="[('name', '=', '03/2018')]"/>
            <field name="currency_id" ref="base.SEK" />
            <field name="company_id" ref="base.main_company" />
            <field name="journal_id" search="[('type', '=', u'sale')]" />
            <field name="state">draft</field>
            <field name="type">out_invoice</field>
            <field name="account_id" search="[('code', '=', u'1510')]" />
            <field name="partner_id" ref="partner_customer" />
            <field name="tax_line_ids" eval="[(0, 0, {'name': 'MP1', 'account_id': ref('l10n_se.1_chart2610'), 'amount': 922.0})]"/>
        </record>
        <record id="invoice_1_line_1" model="account.invoice.line">
            <field name="name">Otpez Laptop without OS</field>
            <field name="invoice_id" ref="invoice_1" />
            <field name="price_unit">642</field>
            <field name="quantity">5</field>
            <field name="invoice_line_tax_ids" eval="[(6, 0, [ref('l10n_se.1_mp1')])]" />
            <field name="account_id" search="[('code', '=', u'3001')]" />
        </record>
        <record id="invoice_1_line_2" model="account.invoice.line">
            <field name="name">Linutop</field>
            <field name="invoice_id" ref="invoice_1" />
            <field name="price_unit">280</field>
            <field name="quantity">5</field>
            <field name="invoice_line_tax_ids" eval="[(6, 0, [ref('l10n_se.1_mp1')])]" />
            <field name="account_id" search="[('code', '=', u'3001')]" />
        </record>
        <workflow action="invoice_open" model="account.invoice" ref="invoice_1" />
        <record id="invoice_2" model="account.invoice">
            <field name="date_invoice" eval="time.strftime('%Y')+'-06-01'" />
            <field name="date_due" eval="time.strftime('%Y')+'-06-30'" />
            <field name="period_id" search="[('name', '=', '06/2018')]"/>
            <field name="currency_id" ref="base.SEK" />
            <field name="company_id" ref="base.main_company" />
            <field name="journal_id" search="[('type', '=', u'sale')]" />
            <field name="state">draft</field>
            <field name="type">out_invoice</field>
            <field name="account_id" search="[('code', '=', u'1510')]" />
            <field name="partner_id" ref="partner_customer" />
            <field name="tax_line_ids" eval="[(0, 0, {'name': 'MP1', 'account_id': ref('l10n_se.1_chart2610'), 'amount': 130.0})]"/>
        </record>
        <record id="invoice_2_line_1" model="account.invoice.line">
            <field name="name">8-port Switch</field>
            <field name="invoice_id" ref="invoice_2" />
            <field name="price_unit">50</field>
            <field name="quantity">3</field>
            <field name="invoice_line_tax_ids" eval="[(6, 0, [ref('l10n_se.1_mp1')])]" />
            <field name="account_id" search="[('code', '=', u'3001')]" />
        </record>
        <record id="invoice_2_line_2" model="account.invoice.line">
            <field name="name">30m RJ45 wire</field>
            <field name="invoice_id" ref="invoice_2" />
            <field name="price_unit">25</field>
            <field name="quantity">20</field>
            <field name="invoice_line_tax_ids" eval="[(6, 0, [ref('l10n_se.1_mp1')])]" />
            <field name="account_id" search="[('code', '=', u'3001')]" />
        </record>
        <workflow action="invoice_open" model="account.invoice" ref="invoice_2" />
        <record id="invoice_3" model="account.invoice">
            <field name="date_invoice" eval="time.strftime('%Y')+'-01-08'" />
            <field name="date_due" eval="time.strftime('%Y')+'-01-30'" />
            <field name="currency_id" ref="base.SEK" />
            <field name="company_id" ref="base.main_company" />
            <field name="journal_id" search="[('type', '=', u'sale')]" />
            <field name="state">draft</field>
            <field name="type">out_invoice</field>
            <field name="account_id" search="[('code', '=', u'1510')]" />
            <field name="partner_id" ref="partner_customer" />
        </record>
        <record id="invoice_3_line_1" model="account.invoice.line">
            <field name="name">TypeMatrix Dvorak Keyboard</field>
            <field name="invoice_id" ref="invoice_3" />
            <field name="price_unit">90</field>
            <field name="quantity">5</field>
            <field name="invoice_line_tax_ids" eval="[(6, 0, [ref('l10n_se.1_mp1')])]" />
            <field name="account_id" search="[('code', '=', u'3001')]" />
        </record>
        <record id="invoice_3_line_2" model="account.invoice.line">
            <field name="name">Ergonomic Mouse</field>
            <field name="invoice_id" ref="invoice_3" />
            <field name="price_unit">15</field>
            <field name="quantity">5</field>
            <field name="invoice_line_tax_ids" eval="[(6, 0, [ref('l10n_se.1_mp1')])]" />
            <field name="account_id" search="[('code', '=', u'3001')]" />
        </record>
        <workflow action="invoice_open" model="account.invoice" ref="invoice_3" />
        <record id="invoice_4" model="account.invoice">
            <field name="date_invoice" eval="time.strftime('%Y')+'-01-15'" />
            <field name="date_due" eval="time.strftime('%Y')+'-01-30'" />
            <field name="currency_id" ref="base.SEK" />
            <field name="company_id" ref="base.main_company" />
            <field name="journal_id" search="[('type', '=', u'sale')]" />
            <field name="state">draft</field>
            <field name="type">out_invoice</field>
            <field name="account_id" search="[('code', '=', u'1510')]" />
            <field name="partner_id" ref="partner_customer" />
        </record>
        <record id="invoice_4_line_1" model="account.invoice.line">
            <field name="name">Desktop Computer Table</field>
            <field name="invoice_id" ref="invoice_4" />
            <field name="price_unit">80</field>
            <field name="quantity">5</field>
            <field name="invoice_line_tax_ids" eval="[(6, 0, [ref('l10n_se.1_mp1')])]" />
            <field name="account_id" search="[('code', '=', u'3001')]" />
        </record>
        <record id="invoice_4_line_2" model="account.invoice.line">
            <field name="name">Desktop Lamp</field>
            <field name="invoice_id" ref="invoice_4" />
            <field name="price_unit">20</field>
            <field name="quantity">5</field>
            <field name="invoice_line_tax_ids" eval="[(6, 0, [ref('l10n_se.1_mp1')])]" />
            <field name="account_id" search="[('code', '=', u'3001')]" />
        </record>
        <workflow action="invoice_open" model="account.invoice" ref="invoice_4" />
        <record id="invoice_5" model="account.invoice">
            <field name="date_invoice" eval="time.strftime('%Y')+'-01-08'" />
            <field name="date_due" eval="time.strftime('%Y')+'-01-30'" />
            <field name="currency_id" ref="base.SEK" />
            <field name="company_id" ref="base.main_company" />
            <field name="journal_id" search="[('type', '=', u'sale')]" />
            <field name="state">draft</field>
            <field name="type">out_invoice</field>
            <field name="account_id" search="[('code', '=', u'1510')]" />
            <field name="partner_id" ref="partner_customer" />
        </record>
        <record id="invoice_5_line_1" model="account.invoice.line">
            <field name="name">TypeMatrix Dvorak Keyboard</field>
            <field name="invoice_id" ref="invoice_5" />
            <field name="price_unit">90</field>
            <field name="quantity">5</field>
            <field name="invoice_line_tax_ids" eval="[(6, 0, [ref('l10n_se.1_mp1')])]" />
            <field name="account_id" search="[('code', '=', u'3001')]" />
        </record>
        <record id="invoice_5_line_2" model="account.invoice.line">
            <field name="name">Ergonomic Mouse</field>
            <field name="invoice_id" ref="invoice_5" />
            <field name="price_unit">15</field>
            <field name="quantity">5</field>
            <field name="invoice_line_tax_ids" eval="[(6, 0, [ref('l10n_se.1_mp1')])]" />
            <field name="account_id" search="[('code', '=', u'3001')]" />
        </record>
        <!--
             <workflow action="invoice_open" model="account.invoice" ref="invoice_5"/>
        -->
        <record id="vat_1" model="account.move">
            <field name="journal_id" search="[('type', '=', u'purchase')]" />
            <field name="date" eval="time.strftime('%Y')+'-05-08'"/>
            <field name="period_id" search="[('name', '=', '05/2018')]"/>
            <field name="line_ids" eval="[(0, 0, {'account_id': ref('l10n_se.1_chart1930'), 'name': 'Prylar', 'credit': 25000}), (0, 0, {'account_id': ref('l10n_se.1_chart2640'), 'name': 'Prylar', 'debit': 5000, 'tax_line_id': ref('l10n_se.1_i')}), (0, 0, {'account_id': ref('l10n_se.1_chart4000'), 'name': 'Prylar', 'debit': 20000})]"/>
        </record>
    </data>
</openerp>
