id,name,model_id:id,group_id:id,perm_read,perm_write,perm_create,perm_unlink
access_account_vat_declaration_user,account.vat_declaration_user,model_account_vat_declaration,account.group_account_user,1,1,1,1
access_account_vat_declaration_manager,account.vat_declaration_manager,model_account_vat_declaration,account.group_account_manager,1,1,1,1
access_account_declaration_line_user,account.declaration_line_user,model_account_declaration_line,account.group_account_user,1,1,1,1
access_account_declaration_line_manager,account.declaration_line_manager,model_account_declaration_line,account.group_account_manager,1,1,1,1
access_account_declaration_line_id_user,account.declaration_line_id_user,model_account_declaration_line_id,account.group_account_user,1,1,1,1
access_account_declaration_line_id_manager,account.declaration_line_id_manager,model_account_declaration_line_id,account.group_account_manager,1,1,1,1
account_payment_line_user,account.payment.line_user,account_payment_order.model_account_payment_line,account.group_account_user,1,0,0,0
account_payment_line_manager,account.payment.line_manager,account_payment_order.model_account_payment_line,account.group_account_manager,1,1,1,1
access_account_vat_declaration_manager,account.account_periodic_compilation_manager,model_account_periodic_compilation,account.group_account_manager,1,1,1,1
