<?xml version="1.0" encoding="utf-8"?>
<odoo>
    <data noupdate="1">
        <!-- Account Tags -->
        <record id="tag_g" model="account.account.tag">
            <field name="name">G. Moms att betala eller få tillbaka.</field>
            <field name="applicability">taxes</field>
            <field name="country_id">196</field>
        </record>
        <record id="tag_49" model="account.account.tag">
            <field name="name">49. Moms att betala ut eller få tillbaka.</field>
            <field name="applicability">taxes</field>
            <field name="country_id">196</field>
        </record>
        <record id="tag_a" model="account.account.tag">
            <field name="name">A. Momspliktig försäljning eller uttag exklusive moms.</field>
            <field name="applicability">taxes</field>
            <field name="country_id">196</field>
        </record>
        <record id="tag_5" model="account.account.tag">
            <field name="name">5. Momspliktig försäljning som inte ingår i annan ruta nedan</field>
            <field name="applicability">taxes</field>
            <field name="country_id">196</field>
        </record>

        <record id="mp1" model="account.tax.template">
            <field name="chart_template_id" ref="chart_template_general" />
            <field name="name">MP1</field>
            <field name="description">Försäljning 25%</field>
            <field name="amount">25</field>
            <field name="amount_type">percent</field>
            <field name="type_tax_use">sale</field>
            <field name="invoice_repartition_line_ids" eval="[(5,0,0),
            (0, 0, {
                    'factor_percent': 100,
                    'repartition_type': 'base',
            }),
            (0,0, {
                'factor_percent': 100,
                'repartition_type': 'tax',
                'account_id': ref('chart2610'),
            }),
            ]"/>
            
        <field name="refund_repartition_line_ids" eval="[(5,0,0),
            (0, 0, {
                    'factor_percent': 100,
                    'repartition_type': 'base',
            }),
            (0,0, {
                'factor_percent': 100,
                'repartition_type': 'tax',
                'account_id': ref('chart2610'),
            }),]"/>

            <field name="tax_group_id" ref="account.tax_group_taxes" />
            <field name="sequence">0</field><!-- make sure system choose it by default -->
        </record>

        
        <record id="mp1i" model="account.tax.template">
            <field name="chart_template_id" ref="chart_template_general" />
            <field name="name">MP1i</field>
            <field name="description">Försäljning 25% (ink)</field>
            <field name="amount">25</field>
            <field name="amount_type">percent</field>
            <field name="price_include" eval="True" />
            <field name="type_tax_use">sale</field>
            <field name="invoice_repartition_line_ids" eval="[(5,0,0),
            (0, 0, {
                    'factor_percent': 100,
                    'repartition_type': 'base',
            }),
            (0,0, {
                'factor_percent': 100,
                'repartition_type': 'tax',
                'account_id': ref('chart2610'),
            }),]"/>
            
        <field name="refund_repartition_line_ids" eval="[(5,0,0),
            (0, 0, {
                    'factor_percent': 100,
                    'repartition_type': 'base',
            }),
            (0,0, {
                'factor_percent': 100,
                'repartition_type': 'tax',
                'account_id': ref('chart2610'),
            }),]"/>
            <field name="tax_group_id" ref="account.tax_group_taxes" />
        </record>
        
        <record id="mp2" model="account.tax.template">
            <field name="chart_template_id" ref="chart_template_general" />
            <field name="name">MP2</field>
            <field name="description">Försäljning 12%</field>
            <field name="amount">12</field>
            <field name="amount_type">percent</field>
            <field name="type_tax_use">sale</field>
            <field name="invoice_repartition_line_ids" eval="[(5,0,0),
            (0, 0, {
                    'factor_percent': 100,
                    'repartition_type': 'base',
            }),
            (0,0, {
                'factor_percent': 100,
                'repartition_type': 'tax',
                'account_id': ref('chart2620'),
            }),]"/>
            
            <field name="refund_repartition_line_ids" eval="[(5,0,0),
            (0, 0, {
                    'factor_percent': 100,
                    'repartition_type': 'base',
            }),
            (0,0, {
                'factor_percent': 100,
                'repartition_type': 'tax',
                'account_id': ref('chart2620'),
            }),]"/>
            <field name="tax_group_id" ref="account.tax_group_taxes" />
            <field name="tax_group_id" ref="account.tax_group_taxes" />
        </record>
        <record id="mp2i" model="account.tax.template">
            <field name="chart_template_id" ref="chart_template_general" />
            <field name="name">MP2i</field>
            <field name="description">Försäljning 12% (ink)</field>
            <field name="amount">12</field>
            <field name="amount_type">percent</field>
            <field name="price_include" eval="True" />
            <field name="type_tax_use">sale</field>
            <field name="invoice_repartition_line_ids" eval="[(5,0,0),
            (0, 0, {
                    'factor_percent': 100,
                    'repartition_type': 'base',
            }),
            (0,0, {
                'factor_percent': 100,
                'repartition_type': 'tax',
                'account_id': ref('chart2620'),
            }),]"/>
            
            <field name="refund_repartition_line_ids" eval="[(5,0,0),
            (0, 0, {
                    'factor_percent': 100,
                    'repartition_type': 'base',
            }),
            (0,0, {
                'factor_percent': 100,
                'repartition_type': 'tax',
                'account_id': ref('chart2620'),
            }),]"/>
            <field name="tax_group_id" ref="account.tax_group_taxes" />
        </record>
        
        <record id="mp3" model="account.tax.template">
            <field name="chart_template_id" ref="chart_template_general" />
            <field name="name">MP3</field>
            <field name="description">Försäljning 6%</field>
            <field name="amount">6</field>
            <field name="amount_type">percent</field>
            <field name="type_tax_use">sale</field>
            <field name="invoice_repartition_line_ids" eval="[(5,0,0),
            (0, 0, {
                    'factor_percent': 100,
                    'repartition_type': 'base',
            }),
            (0,0, {
                'factor_percent': 100,
                'repartition_type': 'tax',
                'account_id': ref('chart2630'),
            }),]"/>
            
            <field name="refund_repartition_line_ids" eval="[(5,0,0),
            (0, 0, {
                    'factor_percent': 100,
                    'repartition_type': 'base',
            }),
            (0,0, {
                'factor_percent': 100,
                'repartition_type': 'tax',
                'account_id': ref('chart2630'),
            }),]"/>
            <field name="tax_group_id" ref="account.tax_group_taxes" />
        </record>
        <record id="mp3i" model="account.tax.template">
            <field name="chart_template_id" ref="chart_template_general" />
            <field name="name">MP3i</field>
            <field name="description">Försäljning 6% (ink)</field>
            <field name="amount">6</field>
            <field name="amount_type">percent</field>
            <field name="price_include" eval="True" />
            <field name="type_tax_use">sale</field>
            <field name="invoice_repartition_line_ids" eval="[(5,0,0),
            (0, 0, {
                    'factor_percent': 100,
                    'repartition_type': 'base',
            }),
            (0,0, {
                'factor_percent': 100,
                'repartition_type': 'tax',
                'account_id': ref('chart2630'),
            }),]"/>
            
            <field name="refund_repartition_line_ids" eval="[(5,0,0),
            (0, 0, {
                    'factor_percent': 100,
                    'repartition_type': 'base',
            }),
            (0,0, {
                'factor_percent': 100,
                'repartition_type': 'tax',
                'account_id': ref('chart2630'),
            }),]"/>
            <field name="tax_group_id" ref="account.tax_group_taxes" />
        </record>
        <!-- 06 -->
        <record id="mu1" model="account.tax.template">
            <field name="chart_template_id" ref="chart_template_general" />
            <field name="name">MU1</field>
            <field name="description">Momspliktiga uttag 25%</field>
            <field name="amount">25</field>
            <field name="amount_type">percent</field>
            <field name="type_tax_use">sale</field>
            <field name="tax_group_id" ref="account.tax_group_taxes" />
        </record>
        <record id="mu2" model="account.tax.template">
            <field name="chart_template_id" ref="chart_template_general" />
            <field name="name">MU2</field>
            <field name="description">Momspliktiga uttag 12%</field>
            <field name="amount">12</field>
            <field name="amount_type">percent</field>
            <field name="type_tax_use">sale</field>
            <field name="tax_group_id" ref="account.tax_group_taxes" />
        </record>
        <record id="mu3" model="account.tax.template">
            <field name="chart_template_id" ref="chart_template_general" />
            <field name="name">MU3</field>
            <field name="description">Momspliktiga uttag 6%</field>
            <field name="amount">6</field>
            <field name="amount_type">percent</field>
            <field name="type_tax_use">sale</field>
            <field name="tax_group_id" ref="account.tax_group_taxes" />
        </record>
        <!-- 07 -->
        <record id="mbbu" model="account.tax.template">
            <field name="chart_template_id" ref="chart_template_general" />
            <field name="name">MBBU</field>
            <field name="description">Beskattningsunderlag vid vinstmarginalbeskattning</field>
            <field name="amount">0</field>
            <field name="amount_type">fixed</field>
            <field name="type_tax_use">sale</field>
            <field name="tax_group_id" ref="account.tax_group_taxes" />
        </record>
        <!-- 08 -->
        <record id="mpff" model="account.tax.template">
            <field name="chart_template_id" ref="chart_template_general" />
            <field name="name">MPFF</field>
            <field name="description">Hyresinkomster vid frivillig skattskyldighet</field>
            <field name="amount">0</field>
            <field name="amount_type">fixed</field>
            <field name="type_tax_use">sale</field>
            <field name="tax_group_id" ref="account.tax_group_taxes" />
        </record>
        <!-- B. -->
        <!-- 10 -->
        <record id="u1" model="account.tax.template">
            <field name="chart_template_id" ref="chart_template_general" />
            <field name="name">U1</field>
            <field name="description">Utgående moms 25%</field>
            <field name="amount">25</field>
            <field name="amount_type">percent</field>
            <field name="type_tax_use">sale</field>
            <field name="invoice_repartition_line_ids" eval="[(5,0,0),
            (0, 0, {
                    'factor_percent': 100,
                    'repartition_type': 'base',
            }),
            (0,0, {
                'factor_percent': 100,
                'repartition_type': 'tax',
                'account_id': ref('chart2610'),
            }),]"/>
            
            <field name="refund_repartition_line_ids" eval="[(5,0,0),
            (0, 0, {
                    'factor_percent': 100,
                    'repartition_type': 'base',
            }),
            (0,0, {
                'factor_percent': 100,
                'repartition_type': 'tax',
                'account_id': ref('chart2610'),
            }),]"/>
            <field name="tax_group_id" ref="account.tax_group_taxes" />
        </record>
        <!-- 11 -->
        <record id="u2" model="account.tax.template">
            <field name="chart_template_id" ref="chart_template_general" />
            <field name="name">U2</field>
            <field name="description">Utgående moms 12%</field>
            <field name="amount">12</field>
            <field name="amount_type">percent</field>
            <field name="type_tax_use">sale</field>
            <field name="invoice_repartition_line_ids" eval="[(5,0,0),
            (0, 0, {
                    'factor_percent': 100,
                    'repartition_type': 'base',
            }),
            (0,0, {
                'factor_percent': 100,
                'repartition_type': 'tax',
                'account_id': ref('chart2620'),
            }),]"/>
            
            <field name="refund_repartition_line_ids" eval="[(5,0,0),
            (0, 0, {
                    'factor_percent': 100,
                    'repartition_type': 'base',
            }),
            (0,0, {
                'factor_percent': 100,
                'repartition_type': 'tax',
                'account_id': ref('chart2620'),
            }),]"/>
            <field name="tax_group_id" ref="account.tax_group_taxes" />
        </record>
        <!-- 12 -->
        <record id="u3" model="account.tax.template">
            <field name="chart_template_id" ref="chart_template_general" />
            <field name="name">U3</field>
            <field name="description">Utgående moms 6%</field>
            <field name="amount">6</field>
            <field name="amount_type">percent</field>
            <field name="type_tax_use">sale</field>
            <field name="invoice_repartition_line_ids" eval="[(5,0,0),
            (0, 0, {
                    'factor_percent': 100,
                    'repartition_type': 'base',
            }),
            (0,0, {
                'factor_percent': 100,
                'repartition_type': 'tax',
                'account_id': ref('chart2630'),
            }),]"/>
            
            <field name="refund_repartition_line_ids" eval="[(5,0,0),
            (0, 0, {
                    'factor_percent': 100,
                    'repartition_type': 'base',
            }),
            (0,0, {
                'factor_percent': 100,
                'repartition_type': 'tax',
                'account_id': ref('chart2630'),
            }),]"/>
            <field name="tax_group_id" ref="account.tax_group_taxes" />
        </record>
        <!-- C. -->
        <!-- 20 -->
        <record id="vfeu" model="account.tax.template">
            <field name="chart_template_id" ref="chart_template_general" />
            <field name="name">VFEU</field>
            <field name="description">Inköp av varor från annat EU-land, 25%</field>
            <field name="amount">25</field>
            <field name="amount_type">percent</field>
            <field name="type_tax_use">purchase</field>
            <field name="invoice_repartition_line_ids" eval="[(5,0,0),
            (0, 0, {
                    'factor_percent': 100,
                    'repartition_type': 'base',
            }),
            (0,0, {
                'factor_percent': 100,
                'repartition_type': 'tax',
                'account_id': ref('chart2645'),
            }),
            (0,0, {
                'factor_percent': -100,
                'repartition_type': 'tax',
                'account_id': ref('chart2614'),
            })]"/>
            
            <field name="refund_repartition_line_ids" eval="[(5,0,0),
            (0, 0, {
                    'factor_percent': 100,
                    'repartition_type': 'base',
            }),
            (0,0, {
                'factor_percent': 100,
                'repartition_type': 'tax',
                'account_id': ref('chart2645'),
            }),
            (0,0, {
                'factor_percent': -100,
                'repartition_type': 'tax',
                'account_id': ref('chart2614'),
            }),]"/>
            <field name="tax_group_id" ref="account.tax_group_taxes" />
        </record>
        <record id="vfeu12" model="account.tax.template">
            <field name="chart_template_id" ref="chart_template_general" />
            <field name="name">VFEU12</field>
            <field name="description">Inköp av varor från annat EU-land, 12%</field>
            <field name="amount">12</field>
            <field name="amount_type">percent</field>
            <field name="type_tax_use">purchase</field>
            <field name="invoice_repartition_line_ids" eval="[(5,0,0),
            (0, 0, {
                    'factor_percent': 100,
                    'repartition_type': 'base',
            }),
            (0,0, {
                'factor_percent': 100,
                'repartition_type': 'tax',
                'account_id': ref('chart2645'),
            }),
            (0,0, {
                'factor_percent': -100,
                'repartition_type': 'tax',
                'account_id': ref('chart2624'),
            }),
            ]"/>
            
            <field name="refund_repartition_line_ids" eval="[(5,0,0),
            (0, 0, {
                    'factor_percent': 100,
                    'repartition_type': 'base',
            }),
            (0,0, {
                'factor_percent': 100,
                'repartition_type': 'tax',
                'account_id': ref('chart2645'),
            }),
            (0,0, {
                'factor_percent': -100,
                'repartition_type': 'tax',
                'account_id': ref('chart2624'),
            }),
            ]"/>
            <field name="tax_group_id" ref="account.tax_group_taxes" />
        </record>
        <record id="vfeu6" model="account.tax.template">
            <field name="chart_template_id" ref="chart_template_general" />
            <field name="name">VFEU6</field>
            <field name="description">Inköp av varor från annat EU-land, 6%</field>
            <field name="amount">6</field>
            <field name="amount_type">percent</field>
            <field name="type_tax_use">purchase</field>
            <field name="invoice_repartition_line_ids" eval="[(5,0,0),
            (0, 0, {
                    'factor_percent': 100,
                    'repartition_type': 'base',
            }),
            (0,0, {
                'factor_percent': 100,
                'repartition_type': 'tax',
                'account_id': ref('chart2645'),
            }),
            (0,0, {
                'factor_percent': -100,
                'repartition_type': 'tax',
                'account_id': ref('chart2634'),
            }),]"/>
            
            <field name="refund_repartition_line_ids" eval="[(5,0,0),
            (0, 0, {
                    'factor_percent': 100,
                    'repartition_type': 'base',
            }),
            (0,0, {
                'factor_percent': 100,
                'repartition_type': 'tax',
                'account_id': ref('chart2645'),
            }),
            (0,0, {
                'factor_percent': -100,
                'repartition_type': 'tax',
                'account_id': ref('chart2634'),
            }),]"/>
            <field name="tax_group_id" ref="account.tax_group_taxes" />
        </record>
        <!-- 21 -->
        <record id="tfeu" model="account.tax.template">
            <field name="chart_template_id" ref="chart_template_general" />
            <field name="name">TFEU</field>
            <field name="description">Inköp av tjänster från annat EU-land enligt huvudregeln, 25%</field>
            <field name="amount">25</field>
            <field name="amount_type">percent</field>
            <field name="type_tax_use">purchase</field>
            <field name="invoice_repartition_line_ids" eval="[(5,0,0),
            (0, 0, {
                    'factor_percent': 100,
                    'repartition_type': 'base',
            }),
            (0,0, {
                'factor_percent': 100,
                'repartition_type': 'tax',
                'account_id': ref('chart2645'),
            }), 
            (0,0, {
                'factor_percent': -100,
                'repartition_type': 'tax',
                'account_id': ref('chart2614'),
            }),]"/>
            
            
            <field name="refund_repartition_line_ids" eval="[(5,0,0),
             (0, 0, {
                    'factor_percent': 100,
                    'repartition_type': 'base',
            }),
            (0, 0, {
                    'factor_percent': 100,
                    'repartition_type': 'tax',
            }),
            (0,0, {
                'factor_percent': -100,
                'repartition_type': 'tax',
                'account_id': ref('chart2614'),
            }),
                ]
           "/>
            
            <field name="tax_group_id" ref="account.tax_group_taxes" />
        </record>
        <record id="tfeu12" model="account.tax.template">
            <field name="chart_template_id" ref="chart_template_general" />
            <field name="name">TFEU12</field>
            <field name="description">Inköp av tjänster från annat EU-land enligt huvudregeln, 12%</field>
            <field name="amount">12</field>
            <field name="amount_type">percent</field>
            <field name="type_tax_use">purchase</field>
            <field name="invoice_repartition_line_ids" eval="[(5,0,0),
            (0, 0, {
                    'factor_percent': 100,
                    'repartition_type': 'base',
            }),
            (0,0, {
                'factor_percent': 100,
                'repartition_type': 'tax',
                'account_id': ref('chart2645'),
            }),
            (0,0, {
                'factor_percent': -100,
                'repartition_type': 'tax',
                'account_id': ref('chart2624'),
            }),]"/>
            <field name="refund_repartition_line_ids" eval="[(5,0,0),
              (0, 0, {
                    'factor_percent': 100,
                    'repartition_type': 'base',
            }),
             (0, 0, {
                    'factor_percent': 100,
                    'repartition_type': 'tax',
            }),
            (0,0, {
                'factor_percent': -100,
                'repartition_type': 'tax',
                'account_id': ref('chart2624'),
            }),
            ]
           "/>
            
            <field name="tax_group_id" ref="account.tax_group_taxes" />
        </record>
        <record id="tfeu6" model="account.tax.template">
            <field name="chart_template_id" ref="chart_template_general" />
            <field name="name">TFEU6</field>
            <field name="description">Inköp av tjänster från annat EU-land enligt huvudregeln, 6%</field>
            <field name="amount">6</field>
            <field name="amount_type">percent</field>
            <field name="type_tax_use">purchase</field>
            <field name="invoice_repartition_line_ids" eval="[(5,0,0),
            (0, 0, {
                    'factor_percent': 100,
                    'repartition_type': 'base',
            }),
            (0,0, {
                'factor_percent': 100,
                'repartition_type': 'tax',
                'account_id': ref('chart2645'),
            }),
            (0,0, {
                'factor_percent': -100,
                'repartition_type': 'tax',
                'account_id': ref('chart2634'),
            }),]"/>
            
             <field name="refund_repartition_line_ids" eval="[(5,0,0),
              (0, 0, {
                    'factor_percent': 100,
                    'repartition_type': 'base',
            }),
             (0, 0, {
                    'factor_percent': 100,
                    'repartition_type': 'tax',
            }),
            (0,0, {
                'factor_percent': -100,
                'repartition_type': 'tax',
                'account_id': ref('chart2634'),
            }),
           ]
           "/>
            <field name="tax_group_id" ref="account.tax_group_taxes" />
        </record>

        <!-- 48 ??? -->
        <record id="rtfeu" model="account.tax.template">
            <field name="chart_template_id" ref="chart_template_general" />
            <field name="name">RTFEU</field>
            <field name="description">(Utgående moms) Inköp av tjänster från annat EU-land enligt huvudregeln, 25%</field>
            <field name="amount">25</field>
            <field name="amount_type">percent</field>
            <field name="type_tax_use">purchase</field>
            <field name="invoice_repartition_line_ids" eval="[(5,0,0),
            (0, 0, {
                    'factor_percent': 100,
                    'repartition_type': 'base',
            }),
            (0,0, {
                'factor_percent': 100,
                'repartition_type': 'tax',
                'account_id': ref('chart2614'),
            }),]"/>
            <field name="tax_group_id" ref="account.tax_group_taxes" />
        </record>
        <record id="rtfeu12" model="account.tax.template">
            <field name="chart_template_id" ref="chart_template_general" />
            <field name="name">RTFEU12</field>
            <field name="description">(Utgående moms) Inköp av tjänster från annat EU-land enligt huvudregeln, 12%</field>
            <field name="amount">12</field>
            <field name="amount_type">percent</field>
            <field name="type_tax_use">purchase</field>
            <field name="invoice_repartition_line_ids" eval="[(5,0,0),
            (0, 0, {
                    'factor_percent': 100,
                    'repartition_type': 'base',
            }),
            (0,0, {
                'factor_percent': 100,
                'repartition_type': 'tax',
                'account_id': ref('chart2624'),
            }),]"/>
            <field name="tax_group_id" ref="account.tax_group_taxes" />
        </record>
        <record id="rtfeu6" model="account.tax.template">
            <field name="chart_template_id" ref="chart_template_general" />
            <field name="name">RTFEU6</field>
            <field name="description">(Utgående moms) Inköp av tjänster från annat EU-land enligt huvudregeln, 6%</field>
            <field name="amount">6</field>
            <field name="amount_type">percent</field>
            <field name="type_tax_use">purchase</field>
            <field name="invoice_repartition_line_ids" eval="[(5,0,0),
            (0, 0, {
                    'factor_percent': 100,
                    'repartition_type': 'base',
            }),
            (0,0, {
                'factor_percent': 100,
                'repartition_type': 'tax',
                'account_id': ref('chart2634'),
            }),]"/>
            <field name="tax_group_id" ref="account.tax_group_taxes" />
        </record>

        <!-- 22 -->
        <record id="tffu" model="account.tax.template">
            <field name="chart_template_id" ref="chart_template_general" />
            <field name="name">TFFU</field>
            <field name="description">Inköp av tjänster från ett land utanför EU</field>
            <field name="amount">25</field>
            <field name="amount_type">percent</field>
            <field name="type_tax_use">purchase</field>
            <field name="tax_group_id" ref="account.tax_group_taxes" />
            <field name="invoice_repartition_line_ids" eval="[(5,0,0),
            (0, 0, {
                    'factor_percent': 100,
                    'repartition_type': 'base',
            }),
            (0,0, {
                'factor_percent': -100,
                'repartition_type': 'tax',
                'account_id': ref('chart2614'),
            }),
            (0,0, {
                'factor_percent': 100,
                'repartition_type': 'tax',
                'account_id': ref('chart2645'),
            }),]"/>
            
            <field name="refund_repartition_line_ids" eval="[(5,0,0),
            (0, 0, {
                    'factor_percent': 100,
                    'repartition_type': 'base',
            }),
            (0,0, {
                'factor_percent': -100,
                'repartition_type': 'tax',
                'account_id': ref('chart2614'),
            }),
            (0,0, {
                'factor_percent': 100,
                'repartition_type': 'tax',
                'account_id': ref('chart2645'),
            }),]"/>
        </record>
        
        <!-- 23 -->
        <record id="ivis" model="account.tax.template">
            <field name="chart_template_id" ref="chart_template_general" />
            <field name="name">IVIS</field>
            <field name="description">Inköp av varor i Sverige</field>
            <field name="amount">0</field>
            <field name="amount_type">fixed</field>
            <field name="type_tax_use">purchase</field>
            <field name="tax_group_id" ref="account.tax_group_taxes" />
        </record>
        <!-- 24 -->
        <record id="itts" model="account.tax.template">
            <field name="chart_template_id" ref="chart_template_general" />
            <field name="name">ITIS</field>
            <field name="description">Övriga inköp av tjänster</field>
            <field name="amount">0</field>
            <field name="amount_type">fixed</field>
            <field name="type_tax_use">purchase</field>
            <field name="tax_group_id" ref="account.tax_group_taxes" />
        </record>
        <!-- D. -->
        <!-- 30 -->
        <record id="rtffu" model="account.tax.template">
            <field name="chart_template_id" ref="chart_template_general" />
            <field name="name">RTFFU</field>
            <field name="description">Omvänd skatte skuldighet inköp av tjänster utanför EU, 25%</field>
            <field name="amount">25</field>
            <field name="amount_type">percent</field>
            <field name="type_tax_use">purchase</field>
            <field name="tax_group_id" ref="account.tax_group_taxes" />
            <field name="invoice_repartition_line_ids" eval="[(5,0,0),
            (0, 0, {
                    'factor_percent': 100,
                    'repartition_type': 'base',
            }),
            (0,0, {
                'factor_percent': 100,
                'repartition_type': 'tax',
                'account_id': ref('chart2614'),
            }),]"/>
            
            <field name="refund_repartition_line_ids" eval="[(5,0,0),
            (0, 0, {
                    'factor_percent': 100,
                    'repartition_type': 'base',
            }),
            (0,0, {
                'factor_percent': 100,
                'repartition_type': 'tax',
                'account_id': ref('chart2614'),
            }),]"/>
            <field name="tax_group_id" ref="account.tax_group_taxes" />
        </record>
        
        <record id="u1mi" model="account.tax.template">
            <field name="chart_template_id" ref="chart_template_general" />
            <field name="name">U1MI</field>
            <field name="description">Utgående moms omvänd skattskyldighet, 25%</field>
            <field name="amount">25</field>
            <field name="amount_type">percent</field>
            <field name="type_tax_use">sale</field> 
            <field name="invoice_repartition_line_ids" eval="[(5,0,0),
            (0, 0, {
                    'factor_percent': 100,
                    'repartition_type': 'base',
            }),
            (0,0, {
                'factor_percent': 100,
                'repartition_type': 'tax',
                'account_id': ref('chart2614'),
            }),]"/>
            <field name="tax_group_id" ref="account.tax_group_taxes" />
        </record>
        <!-- 31 -->
        <record id="u2mi" model="account.tax.template">
            <field name="chart_template_id" ref="chart_template_general" />
            <field name="name">U2MI</field>
            <field name="description">Utgående moms omvänd skattskyldighet, 12%</field>
            <field name="amount">12</field>
            <field name="amount_type">percent</field>
            <field name="type_tax_use">sale</field> 
            <field name="invoice_repartition_line_ids" eval="[(5,0,0),
            (0, 0, {
                    'factor_percent': 100,
                    'repartition_type': 'base',
            }),
            (0,0, {
                'factor_percent': 100,
                'repartition_type': 'tax',
                'account_id': ref('chart2624'),
            }),]"/>
            
            <field name="refund_repartition_line_ids" eval="[(5,0,0),
            (0, 0, {
                    'factor_percent': 100,
                    'repartition_type': 'base',
            }),
            (0,0, {
                'factor_percent': 100,
                'repartition_type': 'tax',
                'account_id': ref('chart2624'),
            }),]"/>
            <field name="tax_group_id" ref="account.tax_group_taxes" />
        </record>
        <!-- 32 -->
        <record id="u3mi" model="account.tax.template">
            <field name="chart_template_id" ref="chart_template_general" />
            <field name="name">U3MI</field>
            <field name="description">Utgående moms omvänd skattskyldighet, 6%</field>
            <field name="amount">6</field>
            <field name="amount_type">percent</field>
            <field name="type_tax_use">sale</field>
            <field name="invoice_repartition_line_ids" eval="[(5,0,0),
            (0, 0, {
                    'factor_percent': 100,
                    'repartition_type': 'base',
            }),
            (0,0, {
                'factor_percent': 100,
                'repartition_type': 'tax',
                'account_id': ref('chart2634'),
            }),]"/>
            
            <field name="refund_repartition_line_ids" eval="[(5,0,0),
            (0, 0, {
                    'factor_percent': 100,
                    'repartition_type': 'base',
            }),
            (0,0, {
                'factor_percent': 100,
                'repartition_type': 'tax',
                'account_id': ref('chart2634'),
            }),]"/>
            <field name="tax_group_id" ref="account.tax_group_taxes" />
        </record>
        <!-- H. -->
        <!-- 50 -->
        <record id="mbbui1" model="account.tax.template">
            <field name="chart_template_id" ref="chart_template_general" />
            <field name="name">MBBUI1</field>
            <field name="description">Beskattningsunderlag vid import, 25%</field>
            <field name="amount">25</field>
            <field name="amount_type">percent</field>
            <field name="type_tax_use">purchase</field>
            <field name="invoice_repartition_line_ids" eval="[(5,0,0),
            (0, 0, {
                    'factor_percent': 100,
                    'repartition_type': 'base',
            }),
            (0,0, {
                'factor_percent': 100,
                'repartition_type': 'tax',
                'account_id': ref('chart2645'),
            }),
            (0,0, {
                'factor_percent': -100,
                'repartition_type': 'tax',
                'account_id': ref('chart2615'),
            }),]"/>
            

            
            <field name="refund_repartition_line_ids" eval="[(5,0,0),
            (0, 0, {
                    'factor_percent': 100,
                    'repartition_type': 'base',
            }),
            (0,0, {
                'factor_percent': 100,
                'repartition_type': 'tax',
                'account_id': ref('chart2645'),
            }),
            (0,0, {
                'factor_percent': -100,
                'repartition_type': 'tax',
                'account_id': ref('chart2615'),
            }),]"/>
            <field name="tax_group_id" ref="account.tax_group_taxes" />
        </record>
        
        
        <record id="mbbui2" model="account.tax.template">
            <field name="chart_template_id" ref="chart_template_general" />
            <field name="name">MBBUI2</field>
            <field name="description">Beskattningsunderlag vid import, 12%</field>
            <field name="amount">12</field>
            <field name="amount_type">percent</field>
            <field name="type_tax_use">purchase</field>
            <field name="invoice_repartition_line_ids" eval="[(5,0,0),
            (0, 0, {
                    'factor_percent': 100,
                    'repartition_type': 'base',
            }),
            (0,0, {
                'factor_percent': 100,
                'repartition_type': 'tax',
                'account_id': ref('chart2645'),
            }),
            (0,0, {
                'factor_percent': -100,
                'repartition_type': 'tax',
                'account_id': ref('chart2625'),
            }),]"/>
            
            <field name="refund_repartition_line_ids" eval="[(5,0,0),
            (0, 0, {
                    'factor_percent': 100,
                    'repartition_type': 'base',
            }),
            (0,0, {
                'factor_percent': 100,
                'repartition_type': 'tax',
                'account_id': ref('chart2645'),
            }),
            (0,0, {
                'factor_percent': -100,
                'repartition_type': 'tax',
                'account_id': ref('chart2625'),
            }),]"/>
            <field name="tax_group_id" ref="account.tax_group_taxes" />
        </record>
        <record id="mbbui3" model="account.tax.template">
            <field name="chart_template_id" ref="chart_template_general" />
            <field name="name">MBBUI3</field>
            <field name="description">Beskattningsunderlag vid import, 6%</field>
            <field name="amount">6</field>
            <field name="amount_type">percent</field>
            <field name="type_tax_use">purchase</field>
            <field name="invoice_repartition_line_ids" eval="[(5,0,0),
            (0, 0, {
                    'factor_percent': 100,
                    'repartition_type': 'base',
            }),
            (0,0, {
                'factor_percent': 100,
                'repartition_type': 'tax',
                'account_id': ref('chart2645'),
            }),
            (0,0, {
                'factor_percent': -100,
                'repartition_type': 'tax',
                'account_id': ref('chart2635'),
            }),]"/>
            
            <field name="refund_repartition_line_ids" eval="[(5,0,0),
            (0, 0, {
                    'factor_percent': 100,
                    'repartition_type': 'base',
            }),
            (0,0, {
                'factor_percent': 100,
                'repartition_type': 'tax',
                'account_id': ref('chart2645'),
            }),
            (0,0, {
                'factor_percent': -100,
                'repartition_type': 'tax',
                'account_id': ref('chart2635'),
            }),]"/>
            <field name="tax_group_id" ref="account.tax_group_taxes" />
        </record>
        <!-- I. -->
        <!-- 60 -->
        <record id="u1mbbui" model="account.tax.template">
            <field name="chart_template_id" ref="chart_template_general" />
            <field name="name">U1MBBUI</field>
            <field name="description">Utgående moms 25%</field>
            <field name="amount">25</field>
            <field name="amount_type">percent</field>
            <field name="type_tax_use">sale</field> 
            <field name="invoice_repartition_line_ids" eval="[(5,0,0),
            (0, 0, {
                    'factor_percent': 100,
                    'repartition_type': 'base',
            }),
            (0,0, {
                'factor_percent': 100,
                'repartition_type': 'tax',
                'account_id': ref('chart2615'),
            }),]"/>
            
            <field name="refund_repartition_line_ids" eval="[(5,0,0),
            (0, 0, {
                    'factor_percent': 100,
                    'repartition_type': 'base',
            }),
            (0,0, {
                'factor_percent': 100,
                'repartition_type': 'tax',
                'account_id': ref('chart2615'),
            }),]"/>
            <field name="tax_group_id" ref="account.tax_group_taxes" />
        </record>
        <!-- 61 -->
        <record id="u2mbbui" model="account.tax.template">
            <field name="chart_template_id" ref="chart_template_general" />
            <field name="name">U2MBBUI</field>
            <field name="description">Utgående moms 12%</field>
            <field name="amount">12</field>
            <field name="amount_type">percent</field>
            <field name="type_tax_use">sale</field>
             <field name="invoice_repartition_line_ids" eval="[(5,0,0),
            (0, 0, {
                    'factor_percent': 100,
                    'repartition_type': 'base',
            }),
            (0,0, {
                'factor_percent': 100,
                'repartition_type': 'tax',
                'account_id': ref('chart2625'),
            }),]"/>
            
            <field name="refund_repartition_line_ids" eval="[(5,0,0),
            (0, 0, {
                    'factor_percent': 100,
                    'repartition_type': 'base',
            }),
            (0,0, {
                'factor_percent': 100,
                'repartition_type': 'tax',
                'account_id': ref('chart2625'),
            }),]"/>
            <field name="tax_group_id" ref="account.tax_group_taxes" />
        </record>
        <!-- 62 -->
        <record id="u3mbbui" model="account.tax.template">
            <field name="chart_template_id" ref="chart_template_general" />
            <field name="name">U3MBBUI</field>
            <field name="description">Utgående moms 6%</field>
            <field name="amount">6</field>
            <field name="amount_type">percent</field>
            <field name="type_tax_use">sale</field>
             <field name="invoice_repartition_line_ids" eval="[(5,0,0),
            (0, 0, {
                    'factor_percent': 100,
                    'repartition_type': 'base',
            }),
            (0,0, {
                'factor_percent': 100,
                'repartition_type': 'tax',
                'account_id': ref('chart2635'),
            }),]"/>
            
            <field name="refund_repartition_line_ids" eval="[(5,0,0),
            (0, 0, {
                    'factor_percent': 100,
                    'repartition_type': 'base',
            }),
            (0,0, {
                'factor_percent': 100,
                'repartition_type': 'tax',
                'account_id': ref('chart2635'),
            }),]"/>
            <field name="tax_group_id" ref="account.tax_group_taxes" />
        </record>
        <!-- E. -->
        <!-- 35 -->
        <record id="vteu" model="account.tax.template">
            <field name="chart_template_id" ref="chart_template_general" />
            <field name="name">VTEU</field>
            <field name="description">Försäljning av varor till annat EU-land</field>
            <field name="amount">0</field>
            <field name="amount_type">fixed</field>
            <field name="type_tax_use">sale</field>
            <field name="tax_group_id" ref="account.tax_group_taxes" />
        </record>
        <!-- 36 -->
        <record id="e" model="account.tax.template">
            <field name="chart_template_id" ref="chart_template_general" />
            <field name="name">E</field>
            <field name="description">Försäljning av varor till utanför EU</field>
            <field name="amount">0</field>
            <field name="amount_type">fixed</field>
            <field name="type_tax_use">sale</field>
            <field name="tax_group_id" ref="account.tax_group_taxes" />
        </record>
        <!-- 37 -->
        <record id="3veu" model="account.tax.template">
            <field name="chart_template_id" ref="chart_template_general" />
            <field name="name">3VEU</field>
            <field name="description">Mellanmans inköp av varor vid trepartshandel</field>
            <field name="amount">0</field>
            <field name="amount_type">fixed</field>
            <field name="type_tax_use">purchase</field>
            <field name="tax_group_id" ref="account.tax_group_taxes" />
        </record>
        <!-- 38 -->
        <record id="3feu" model="account.tax.template">
            <field name="chart_template_id" ref="chart_template_general" />
            <field name="name">3FEU</field>
            <field name="description">Mellanmans försäljning av varor vid trepartshandel</field>
            <field name="amount">0</field>
            <field name="amount_type">fixed</field>
            <field name="type_tax_use">purchase</field>
            <field name="tax_group_id" ref="account.tax_group_taxes" />
        </record>
        <!-- 39 -->
        <record id="fteu" model="account.tax.template">
            <field name="chart_template_id" ref="chart_template_general" />
            <field name="name">FTEU</field>
            <field name="description">Försäjning av tjänster när köparen är skatteskyldig i EG</field>
            <field name="amount">0</field>
            <field name="amount_type">fixed</field>
            <field name="type_tax_use">sale</field>
            <field name="tax_group_id" ref="account.tax_group_taxes" />
        </record>
        <!-- 40 -->
        <record id="ottu" model="account.tax.template">
            <field name="chart_template_id" ref="chart_template_general" />
            <field name="name">OTTU</field>
            <field name="description">Övrig försäljning av tjänster omsatta i utlandet</field>
            <field name="amount">0</field>
            <field name="amount_type">fixed</field>
            <field name="type_tax_use">sale</field>
            <field name="tax_group_id" ref="account.tax_group_taxes" />
        </record>
        <!-- 41 -->
        <record id="omss" model="account.tax.template">
            <field name="chart_template_id" ref="chart_template_general" />
            <field name="name">OMSS</field>
            <field name="description">Försäljning när köparen är skatteskyldig i Sverige</field>
            <field name="amount">0</field>
            <field name="amount_type">fixed</field>
            <field name="type_tax_use">sale</field>
            <field name="tax_group_id" ref="account.tax_group_taxes" />
        </record>
        <!-- 42 -->
        <record id="mf" model="account.tax.template">
            <field name="chart_template_id" ref="chart_template_general" />
            <field name="name">MF</field>
            <field name="description">Momsfri försäljning</field>
            <field name="amount">0</field>
            <field name="amount_type">percent</field>
            <field name="type_tax_use">sale</field>
             <field name="invoice_repartition_line_ids" eval="[(5,0,0),
            (0, 0, {
                    'factor_percent': 100,
                    'repartition_type': 'base',
            }),
            (0,0, {
                'factor_percent': 100,
                'repartition_type': 'tax',
                'account_id': ref('chart3004'),
            }),]"/>
            
            <field name="refund_repartition_line_ids" eval="[(5,0,0),
            (0, 0, {
                    'factor_percent': 100,
                    'repartition_type': 'base',
            }),
            (0,0, {
                'factor_percent': 100,
                'repartition_type': 'tax',
                'account_id': ref('chart3004'),
            }),]"/>
            <field name="tax_group_id" ref="account.tax_group_taxes" />
        </record>
        <!-- F. -->
        <record id="i" model="account.tax.template">
            <field name="chart_template_id" ref="chart_template_general" />
            <field name="name">I</field>
            <field name="description">Inköp 25%</field>
            <field name="amount">25</field>
            <field name="amount_type">percent</field>
            <field name="type_tax_use">purchase</field>
            <field name="invoice_repartition_line_ids" eval="[(5,0,0),
            (0, 0, {
                    'factor_percent': 100,
                    'repartition_type': 'base',
            }),
            (0,0, {
                'factor_percent': 100,
                'repartition_type': 'tax',
                'account_id': ref('chart2640'),
            }),]"/>
            
            <field name="refund_repartition_line_ids" eval="[(5,0,0),
            (0, 0, {
                    'factor_percent': 100,
                    'repartition_type': 'base',
            }),
            (0,0, {
                'factor_percent': 100,
                'repartition_type': 'tax',
                'account_id': ref('chart2640'),
            }),]"/>
            <field name="tax_group_id" ref="account.tax_group_taxes" />
            <field name="sequence">0</field><!-- make sure system choose it by default -->
        </record>
        <record id="it" model="account.tax.template">
            <field name="chart_template_id" ref="chart_template_general" />
            <field name="name">IT</field>
            <field name="description">Inköp av tjänst, 25%</field>
            <field name="amount">25</field>
            <field name="amount_type">percent</field>
            <field name="type_tax_use">purchase</field>
            <field name="invoice_repartition_line_ids" eval="[(5,0,0),
            (0, 0, {
                    'factor_percent': 100,
                    'repartition_type': 'base',
            }),
            (0,0, {
                'factor_percent': 100,
                'repartition_type': 'tax',
                'account_id': ref('chart2640'),
            }),]"/>
            
            <field name="refund_repartition_line_ids" eval="[(5,0,0),
            (0, 0, {
                    'factor_percent': 100,
                    'repartition_type': 'base',
            }),
            (0,0, {
                'factor_percent': 100,
                'repartition_type': 'tax',
                'account_id': ref('chart2640'),
            }),]"/>
            <field name="tax_group_id" ref="account.tax_group_taxes" />
        </record>
        <record id="ii" model="account.tax.template">
            <field name="chart_template_id" ref="chart_template_general" />
            <field name="name">Ii</field>
            <field name="description">Inköp 25% (ink)</field>
            <field name="amount">25</field>
            <field name="amount_type">percent</field>
            <field name="price_include" eval="True" />
            <field name="type_tax_use">purchase</field>
             <field name="invoice_repartition_line_ids" eval="[(5,0,0),
            (0, 0, {
                    'factor_percent': 100,
                    'repartition_type': 'base',
            }),
            (0,0, {
                'factor_percent': 100,
                'repartition_type': 'tax',
                'account_id': ref('chart2640'),
            }),]"/>
            
            <field name="refund_repartition_line_ids" eval="[(5,0,0),
            (0, 0, {
                    'factor_percent': 100,
                    'repartition_type': 'base',
            }),
            (0,0, {
                'factor_percent': 100,
                'repartition_type': 'tax',
                'account_id': ref('chart2640'),
            }),]"/>
            <field name="tax_group_id" ref="account.tax_group_taxes" />
        </record>
        <record id="i12" model="account.tax.template">
            <field name="chart_template_id" ref="chart_template_general" />
            <field name="name">I12</field>
            <field name="description">Inköp 12%</field>
            <field name="amount">12</field>
            <field name="amount_type">percent</field>
            <field name="type_tax_use">purchase</field>
             <field name="invoice_repartition_line_ids" eval="[(5,0,0),
            (0, 0, {
                    'factor_percent': 100,
                    'repartition_type': 'base',
            }),
            (0,0, {
                'factor_percent': 100,
                'repartition_type': 'tax',
                'account_id': ref('chart2640'),
            }),]"/>
            
            <field name="refund_repartition_line_ids" eval="[(5,0,0),
            (0, 0, {
                    'factor_percent': 100,
                    'repartition_type': 'base',
            }),
            (0,0, {
                'factor_percent': 100,
                'repartition_type': 'tax',
                'account_id': ref('chart2640'),
            }),]"/>
            <field name="tax_group_id" ref="account.tax_group_taxes" />
        </record>
        <record id="it12" model="account.tax.template">
            <field name="chart_template_id" ref="chart_template_general" />
            <field name="name">IT12</field>
            <field name="description">Inköp av tjänst, 12%</field>
            <field name="amount">12</field>
            <field name="amount_type">percent</field>
            <field name="type_tax_use">purchase</field>
             <field name="invoice_repartition_line_ids" eval="[(5,0,0),
            (0, 0, {
                    'factor_percent': 100,
                    'repartition_type': 'base',
            }),
            (0,0, {
                'factor_percent': 100,
                'repartition_type': 'tax',
                'account_id': ref('chart2640'),
            }),]"/>
            
            <field name="refund_repartition_line_ids" eval="[(5,0,0),
            (0, 0, {
                    'factor_percent': 100,
                    'repartition_type': 'base',
            }),
            (0,0, {
                'factor_percent': 100,
                'repartition_type': 'tax',
                'account_id': ref('chart2640'),
            }),]"/>
            <field name="tax_group_id" ref="account.tax_group_taxes" />
        </record>
        <record id="i12i" model="account.tax.template">
            <field name="chart_template_id" ref="chart_template_general" />
            <field name="name">I12i</field>
            <field name="description">Inköp 12% (ink)</field>
            <field name="amount">12</field>
            <field name="amount_type">percent</field>
            <field name="price_include" eval="True" />
            <field name="type_tax_use">purchase</field>
             <field name="invoice_repartition_line_ids" eval="[(5,0,0),
            (0, 0, {
                    'factor_percent': 100,
                    'repartition_type': 'base',
            }),
            (0,0, {
                'factor_percent': 100,
                'repartition_type': 'tax',
                'account_id': ref('chart2640'),
            }),]"/>
            
            <field name="refund_repartition_line_ids" eval="[(5,0,0),
            (0, 0, {
                    'factor_percent': 100,
                    'repartition_type': 'base',
            }),
            (0,0, {
                'factor_percent': 100,
                'repartition_type': 'tax',
                'account_id': ref('chart2640'),
            }),]"/>
            <field name="tax_group_id" ref="account.tax_group_taxes" />
        </record>
        <record id="i6" model="account.tax.template">
            <field name="chart_template_id" ref="chart_template_general" />
            <field name="name">I6</field>
            <field name="description">Inköp 6%</field>
            <field name="amount">6</field>
            <field name="amount_type">percent</field>
            <field name="type_tax_use">purchase</field>
             <field name="invoice_repartition_line_ids" eval="[(5,0,0),
            (0, 0, {
                    'factor_percent': 100,
                    'repartition_type': 'base',
            }),
            (0,0, {
                'factor_percent': 100,
                'repartition_type': 'tax',
                'account_id': ref('chart2640'),
            }),]"/>
            
            <field name="refund_repartition_line_ids" eval="[(5,0,0),
            (0, 0, {
                    'factor_percent': 100,
                    'repartition_type': 'base',
            }),
            (0,0, {
                'factor_percent': 100,
                'repartition_type': 'tax',
                'account_id': ref('chart2640'),
            }),]"/>
            <field name="tax_group_id" ref="account.tax_group_taxes" />
        </record>
        <record id="it6" model="account.tax.template">
            <field name="chart_template_id" ref="chart_template_general" />
            <field name="name">IT6</field>
            <field name="description">Inköp av tjänst, 6%</field>
            <field name="amount">6</field>
            <field name="amount_type">percent</field>
            <field name="type_tax_use">purchase</field>
             <field name="invoice_repartition_line_ids" eval="[(5,0,0),
             (0, 0, {
                    'factor_percent': 100,
                    'repartition_type': 'base',
            }),
            (0,0, {
                'factor_percent': 100,
                'repartition_type': 'tax',
                'account_id': ref('chart2640'),
            }),]"/>
            
            <field name="refund_repartition_line_ids" eval="[(5,0,0),
            (0, 0, {
                    'factor_percent': 100,
                    'repartition_type': 'base',
            }),
            (0,0, {
                'factor_percent': 100,
                'repartition_type': 'tax',
                'account_id': ref('chart2640'),
            }),]"/>
            <field name="tax_group_id" ref="account.tax_group_taxes" />
        </record>
        <record id="i6i" model="account.tax.template">
            <field name="chart_template_id" ref="chart_template_general" />
            <field name="name">I6i</field>
            <field name="description">Inköp 6% (ink)</field>
            <field name="amount">6</field>
            <field name="amount_type">percent</field>
            <field name="price_include" eval="True" />
            <field name="type_tax_use">purchase</field>
             <field name="invoice_repartition_line_ids" eval="[(5,0,0),
             (0, 0, {
                    'factor_percent': 100,
                    'repartition_type': 'base',
            }),
            (0,0, {
                'factor_percent': 100,
                'repartition_type': 'tax',
                'account_id': ref('chart2640'),
            }),]"/>
            
            <field name="refund_repartition_line_ids" eval="[(5,0,0),
            (0, 0, {
                    'factor_percent': 100,
                    'repartition_type': 'base',
            }),
            (0,0, {
                'factor_percent': 100,
                'repartition_type': 'tax',
                'account_id': ref('chart2640'),
            }),]"/>
            <field name="tax_group_id" ref="account.tax_group_taxes" />
        </record>
        <record id="MomsIngAvdr" model="account.tax.template">
            <field name="chart_template_id" ref="chart_template_general" />
            <field name="name">MomsIngAvdr</field>
            <field name="description">Ingående moms att dra av</field>
            <field name="amount">0</field>
            <field name="amount_type">group</field>
            <field name="type_tax_use">purchase</field>
            <field name="tax_group_id" ref="account.tax_group_taxes" />
            <field name="children_tax_ids" eval="[(6, 0, [ref('i'),ref('ii'),ref('i12'),ref('i12i'),ref('i6'),ref('i6i')])]"/>
        </record>
        <record id="MomsUtg" model="account.tax.template">
            <field name="chart_template_id" ref="chart_template_general" />
            <field name="name">MomsUtg</field>
            <field name="description">Summering av utgående moms</field>
            <field name="amount">0</field>
            <field name="amount_type">group</field>
            <field name="type_tax_use">sale</field>
            <field name="tax_group_id" ref="account.tax_group_taxes" />
            <field name="children_tax_ids" eval="[(6, 0, [ref('mp1'),ref('mp1i'),ref('mp2'),ref('mp2i'),ref('mp3'),ref('mp3i'),ref('u1'),ref('u2'),ref('u3'),ref('mu1'),ref('mu2'),ref('mu3'),ref('u1mi'),ref('u2mi'),ref('u3mi'),ref('u1mbbui'),ref('u2mbbui'),ref('u3mbbui')])]"/>
        </record>
        <record id="MomsBetala" model="account.tax.template">
            <field name="chart_template_id" ref="chart_template_general" />
            <field name="name">MomsBetala</field>
            <field name="description">Moms att betala(+) eller få tillbaka(-)</field>
            <field name="amount">0</field>
            <field name="amount_type">fixed</field>
            <field name="type_tax_use">none</field>
            <field name="tax_group_id" ref="account.tax_group_taxes" />
        </record>

        <record id="chart3001" model="account.account.template">
            <field name="name">Försäljning inom Sverige, 25 % moms</field>
            <field name="code">3001</field>
            <field name="account_type">income</field>
            <field name="chart_template_id" ref="chart_template_general" />
            <field name="tax_ids" eval="[(6,0,[ref('mp1')])]"/>
            <field name="note">Intäkter som genererats av företagets ordinarie verksamhet, t.ex. varuförsäljning och tjänsteintäkter.</field>
        </record>
        
        <record id="mu1" model="account.tax.template">
             <field name="invoice_repartition_line_ids" eval="[(5,0,0),
             (0, 0, {
                    'factor_percent': 100,
                    'repartition_type': 'base',
            }),
            (0,0, {
                'factor_percent': 100,
                'repartition_type': 'tax',
                'account_id': ref('chart3001'),
            }),]"/>
            
            <field name="refund_repartition_line_ids" eval="[(5,0,0),
            (0, 0, {
                    'factor_percent': 100,
                    'repartition_type': 'base',
            }),
            (0,0, {
                'factor_percent': 100,
                'repartition_type': 'tax',
                'account_id': ref('chart3001'),
            }),]"/>
        </record>
        
        <record id="chart3002" model="account.account.template">
            <field name="name">Försäljning inom Sverige, 12 % moms</field>
            <field name="code">3002</field>
            <field name="account_type">income</field>
            <field name="chart_template_id" ref="chart_template_general" />
            <field name="tax_ids" eval="[(6,0,[ref('mp2')])]"/>
            <field name="note">Intäkter som genererats av företagets ordinarie verksamhet, t.ex. varuförsäljning och tjänsteintäkter.</field>
        </record>
        <record id="mu2" model="account.tax.template">

            <field name="invoice_repartition_line_ids" eval="[(5,0,0),
            (0, 0, {
                    'factor_percent': 100,
                    'repartition_type': 'base',
            }),
            (0,0, {
                'factor_percent': 100,
                'repartition_type': 'tax',
                'account_id': ref('chart3002'),
            }),]"/>
            
            <field name="refund_repartition_line_ids" eval="[(5,0,0),
            (0, 0, {
                    'factor_percent': 100,
                    'repartition_type': 'base',
            }),
            (0,0, {
                'factor_percent': 100,
                'repartition_type': 'tax',
                'account_id': ref('chart3002'),
            }),]"/>
        </record>
        <record id="chart3003" model="account.account.template">
            <field name="name">Försäljning inom Sverige, 6 % moms</field>
            <field name="code">3003</field>
            <field name="account_type">income</field>
            <field name="chart_template_id" ref="chart_template_general" />
            <field name="tax_ids" eval="[(6,0,[ref('mp3')])]"/>
            <field name="note">Intäkter som genererats av företagets ordinarie verksamhet, t.ex. varuförsäljning och tjänsteintäkter.</field>
        </record>
        <record id="mu3" model="account.tax.template">

             <field name="invoice_repartition_line_ids" eval="[(5,0,0),
             (0, 0, {
                    'factor_percent': 100,
                    'repartition_type': 'base',
            }),
            (0,0, {
                'factor_percent': 100,
                'repartition_type': 'tax',
                'account_id': ref('chart3003'),
            }),]"/>
            
            <field name="refund_repartition_line_ids" eval="[(5,0,0),
            (0, 0, {
                    'factor_percent': 100,
                    'repartition_type': 'base',
            }),
            (0,0, {
                'factor_percent': 100,
                'repartition_type': 'tax',
                'account_id': ref('chart3003'),
            }),]"/>
        </record>
        
        <record id="fveu0" model="account.tax.template">
            <field name="chart_template_id" ref="chart_template_general" />
            <field name="name">FVEU0</field>
            <field name="description">Sales of goods to other EU countries, 0% VAT</field>
            <field name="amount">0</field>
            <field name="amount_type">percent</field>
            <field name="type_tax_use">sale</field>
            <field name="tax_group_id" ref="account.tax_group_taxes" />
        </record>
        
        <record id="fvueuo" model="account.tax.template">
            <field name="chart_template_id" ref="chart_template_general" />
            <field name="name">FVUEU0</field>
            <field name="description">Sale of Goods Outside of EU, 0% VAT </field>
            <field name="amount">0</field>
            <field name="amount_type">percent</field>
            <field name="type_tax_use">sale</field>
            <field name="tax_group_id" ref="account.tax_group_taxes" />
        </record>
        
        <record id="mpiv" model="account.tax.template">
            <field name="chart_template_id" ref="chart_template_general" />
            <field name="name">MPIV</field>
            <field name="description">Vilande ingående moms, 25%</field>
            <field name="amount">25</field>
            <field name="amount_type">percent</field>
            <field name="type_tax_use">sale</field>
             <field name="invoice_repartition_line_ids" eval="[(5,0,0),
            (0, 0, {
                    'factor_percent': 100,
                    'repartition_type': 'base',
            }),
            (0,0, {
                'factor_percent': 100,
                'repartition_type': 'tax',
                'account_id': ref('chart2648'),
            }),]"/>
            
            <field name="refund_repartition_line_ids" eval="[(5,0,0),
            (0, 0, {
                    'factor_percent': 100,
                    'repartition_type': 'base',
            }),
            (0,0, {
                'factor_percent': 100,
                'repartition_type': 'tax',
                'account_id': ref('chart2648'),
            }),]"/>
            <field name="tax_group_id" ref="account.tax_group_taxes" />
        </record>
        


    </data>
</odoo>
