<odoo>
    <data noupdate="1"> 
        <record id="chart4000" model="account.account.template">
            <field name="name">Inköp av varor från Sverige</field>
            <field name="code">4000</field>
            <field name="account_type">expense_direct_cost</field>
            <field name="chart_template_id" ref="chart_template_general" />
            <field name="tax_ids" eval="[(6,0,[ref('i')])]"/>
            <field name="note">Årets inköp av råvaror och förnödenheter +/- förändringar av lagerposten ”Råvaror och förnödenheter”. Även kostnader för legoarbeten och underentreprenader.</field>
        </record>
        <record id="chart4001" model="account.account.template">
            <field name="name">Inköp av varor från Sverige, 25 %moms</field>
            <field name="code">4001</field>
            <field name="account_type">expense_direct_cost</field>
            <field name="chart_template_id" ref="chart_template_general" />
            <field name="tax_ids" eval="[(6,0,[ref('i')])]"/>
            <field name="note">Årets inköp av råvaror och förnödenheter +/- förändringar av lagerposten ”Råvaror och förnödenheter”. Även kostnader för legoarbeten och underentreprenader.</field>
        </record>
        <record id="chart4002" model="account.account.template">
            <field name="name">Inköp av varor från Sverige, 12 %moms</field>
            <field name="code">4002</field>
            <field name="account_type">expense_direct_cost</field>
            <field name="chart_template_id" ref="chart_template_general" />
            <field name="tax_ids" eval="[(6,0,[ref('i')])]"/>
            <field name="note">Årets inköp av råvaror och förnödenheter +/- förändringar av lagerposten ”Råvaror och förnödenheter”. Även kostnader för legoarbeten och underentreprenader.</field>
        </record>
        <record id="chart4003" model="account.account.template">
            <field name="name">Inköp av varor från Sverige, 6 %moms</field>
            <field name="code">4003</field>
            <field name="account_type">expense_direct_cost</field>
            <field name="chart_template_id" ref="chart_template_general" />
            <field name="tax_ids" eval="[(6,0,[ref('i')])]"/>
            <field name="note">Årets inköp av råvaror och förnödenheter +/- förändringar av lagerposten ”Råvaror och förnödenheter”. Även kostnader för legoarbeten och underentreprenader.</field>
        </record>
    </data>
</odoo>
